nom,avg_person_wealth
briand,345582691.0
PELLENC,84582828.0
COUTIERE,68947932.0
Renaud Garabedian,36089200.0
Fountaine,35000000.0
Maillard,27832900.0
VERNY,24510000.0
Ferracci,22672447.5
DOMINICI,20448618.0
Crémont,18637583.4
PARA,17989898.0
MICHOUX,13932822.0
Morel,13547036.333333334
RUAS,12905030.0
Ruelle,12678703.5
Cayeux,12583204.0
Alfandari,11524852.5
PEROTTINO,11384632.5
Riester,10667369.5
Vogel,10347526.0
MARTIN,9702352.3
Muselier,8713189.5
FAYSSAT,7762994.0
DUBOST,7266881.0
BLANCHET,7137907.0
CECCOLI,7027455.0
Lombard,7007171.333333333
LASSALLE,6320607.0
MIRAVETE,6258833.333333333
marolleau,5558012.5
NOUGEIN,5379076.0
dario,5301000.0
JOURDAIN,5263166.666666667
MORIN,5166394.25
PAINEAU,5154743.0
NOUVELOT,4953965.0
DE CANSON,4828250.0
Giscard d'Estaing,4539893.0
chartreux,4256724.0
CHATILLON,4244866.5
VIALATTE,4116624.6666666665
Missoffe,4049477.0
de NICOLAY,4000000.0
naegelen,3775021.5
PEDUZZI,3611481.0
Bernard,3571694.0
Jamet,3555915.0
Roques,3264026.0
CADIC,3070000.0
VEAU,2753106.0
GIRARD,2743171.0
POMERET,2699242.0
DAUSSAN-WEIZMAN,2642844.0
JENFT,2637024.5
vigier,2584465.0
TREMEGE,2571821.0
DUPIRE,2500000.0
de Bourrousse,2500000.0
RIGAUD,2450928.0
Pecresse,2439753.6666666665
Bringer,2230251.0
HOURQUET,2187828.0
meriaux,2144400.0
Sido,2048895.0
DOUCET,2001341.0
THIRIET,1950026.0
DARRASSE,1790120.0
Firmin Le Bodo,1785867.5
Callet,1780000.0
Amar,1771000.0
PERAZIO,1725405.0
ISABELLE,1675542.5
LEROY,1671575.6
Blanchet,1670803.0
Braun-Pivet,1655952.0
GRIGNON,1650000.0
de JENLIS,1622642.3333333333
Copé,1609594.5
BRARD,1550000.0
BENEVENTI,1542384.0
Thieriot,1530750.0
lucas,1519845.5
BELIN,1510400.0
Levy,1497403.7777777778
beauchamps,1485000.0
GENIS,1461229.0
Lemoine,1454087.0
DE MONTGOLFIER,1437628.0
JULLEMIER,1400000.0
Leroy,1399196.0
LOUWAGIE,1357711.0
POINTEREAU,1352772.0
Pezzetta,1341345.3333333333
vogel,1326140.0
de Lasteyrie,1308445.0
Gras,1279991.0
LEBIGRE,1200000.0
Méary,1194722.0
Battail,1181020.0
IMBERT,1177694.6666666667
SAEIDI,1175974.0
jardé,1164901.0
Sautarel,1141181.5
SELLIER,1121650.0
HART,1103531.0
SERRUS,1090188.0
TEMARU,1087457.6666666667
Torloting,1075040.0
GINESY,1072750.0
LEDOUBLE,1062550.0
PIGRENET,1040253.0
Mulot,1030000.0
VUILLEMIN,1006200.0
michel,984516.0
LAPORTE,983000.0
de LEGGE,957250.0
THIEN AH KOON,950964.0
Cazabonne,941122.0
Dussaubat,940000.0
BLANC,938142.7333333333
de bazelaire,919977.3333333334
Riffaud,917772.0
GUILLON,916000.0
BATAILLE,907136.25
PEILLEX,905724.0
pericard,905302.0
PAUGET,905023.0
Marimoutou-Tacoun,902980.0
JULIEN-EMMANUEL-LUREL,900000.0
GALAND,885000.0
Gassilloud,880400.0
Phélippeau,856350.0
Hugonet,847019.0
DEVAUTOUR,842724.5
RIGOLLOT,837986.0
HURMIC,833000.0
SCHMIT,823120.5
DEJOIE,804300.0
damergy,800000.0
ghigonetto,800000.0
soussi,795750.0
menache,790114.0
CONCAS,785500.0
Hénaff,769140.0
AMSLER,767880.0
QUILLET,766085.0
de Carolis,765000.0
ANGELRAS,760334.0
zerkani,759673.0
VALOIS,752236.0
Virapoullé,750548.0
WATELAIN,749000.0
NIRLO,732943.0
Bercault,728000.0
POTEAU,727254.0
CAZENEUVE,718644.0
RIBOUT,712500.0
SAURY,711331.0
Ségneré,701942.0
SANTONI,700000.0
AUDOUY,697554.0
Trupin,684119.0
de Pélichy,675400.0
DURANTON,671950.0
Heinrich,668955.0
GIRONCEL,655806.0
PLAGNEUX,653799.6666666666
GAYSSOT,652936.0
panosyan-bouvet,649518.0
Joyandet,649366.6666666666
BRUNMUROL,649229.0
DAVID,645788.5
LE PEN,640128.0
Chappaz,637019.5
VENTRON,632465.0
NEUVY,624601.0
FICHERE,623000.0
Rousselot,619046.0
Rivery,613000.0
MINIOU,612000.0
Durruty,611880.0
PERRION,604000.0
FROGIER,600820.0
Labaronne,600000.0
VON-PINE,600000.0
DA SILVA,600000.0
MEIGNEN,591000.0
Kalfon,588384.0
Terrier,588237.0
gargani,588070.0
LASSARADE,586915.5
Disdier,582866.0
Dechy,580000.0
Papadopulo,575000.0
ALAIN,574699.0
Debil,570421.0
SEBEYRAN,565791.5
FORESTIER,562000.0
JACQUEMET,561801.0
AUGIER,558566.0
Guyader,555766.5
DE CALAN,553500.0
BAZILLE,552000.0
LECOUFLE,545907.0
Denormandie,544402.5
WARSMANN,540263.0
pouzergue,540100.0
Bonnus,540000.0
Alexandre,536419.0
Lang,535262.0
Letchimy,529000.0
NICOLAS,525915.1428571428
PENA,523976.0
DROMIGNY,521960.0
ROULLE,520000.0
DOMEN,516667.0
dubay,512795.0
COLIN,512167.4285714286
MOUSSET,510000.0
Barraud,510000.0
PLANTE,508421.0
grange,508304.0
MILLION,506986.0
Yavuz,505000.0
PERRY,502772.0
Marsigny,500439.0
PIERRE,500000.0
lagier,500000.0
DUCOUT,500000.0
MARCILLY,496500.0
HERVIEU,488220.0
WEILL,486144.0
zuili,485510.0
FABREGOUL,482000.0
Cinieri,480045.0
ANGELINI,479523.0
Isaac-Sibille,475623.5
BERTAIL,470915.0
Bazin,467541.0
BAY,467304.0
Poniatowski,459200.0
PETIT,441891.5
Lahiani,441705.0
SUSZYLO,440859.5
LHEUREUX,440706.0
DE CARVALHO,438353.0
Girardot Moitié,430500.0
ASSEH,430000.0
olivier,427334.5
BABOUHOT,422550.0
BREMOND,418786.28571428574
Grosperrin,415829.3333333333
GINER,415829.0
perrin,415071.0
JOLIVET,410734.5
CAMPELLO,408750.0
COULON,405150.0
rousseau,404794.5
BORDES,404766.0
CHAIX,403940.625
PERRUT,401179.0
RITOURET,400000.0
Gouin,400000.0
BLINT,398000.0
AUDEBERT,396017.0
KERNEIS,396000.0
Omarjee,395405.0
TERRAIL NOVES,395331.5
GUICHARD,394050.0
BRUGERE,393550.0
FISCHER,392500.0
BIBERON,388747.0
chasseing,385000.0
MAHET,384741.0
MENONVILLE,384027.0
Turquois,382569.5
Fontaine,382500.0
ROCHETTE,378973.0
COLOMBIER,375593.5
Benabdillah,373803.0
Ruffin,370691.0
D’Alguerre,370000.0
Armanet,369079.0
SERVA,368164.0
Favre d'Anne,367100.0
PANONACLE,363252.5
TALARMIN,361368.0
Patrier-Leitus,360010.0
MAHE,360000.0
Andrieu,357800.0
Gatault,357592.0
PORCQ,356500.0
Rivière,355099.5
haquin,354000.0
de Carville,352016.0
ROSSETTI,350494.0
KORCHEF-LAMBERT,350000.0
CHASSEING,350000.0
Gendraud,347150.0
malhuret,344702.0
JACQUE,342221.0
Mebarek,341033.0
Le Breton,339713.0
BILDE,337602.0
vautrin,333700.0
FABRE,333200.0
GERARD,331020.8
pechenard,330966.0
MONNIER,326000.0
de la Verpillière,323700.0
BELLANGER,323689.0
de Lépinau,321717.0
dumoulin,320041.0
DELMER,319644.0
FUCHS,318865.0
Charton,316840.0
PROUST,316712.0
RONZIERE,316139.0
Galy,315000.0
PELLEGRIN,314102.0
Samat,313920.0
Vincent,312567.0
CHERUBINI,310000.0
HUGUET,309015.0
Gerbaud,308924.0
Hollande,308328.5
LEGENDRE,306900.0
TEINTENIER,302174.0
monchy,301000.0
GAY,301000.0
GERNEZ,300000.0
risser,300000.0
Masquelier,300000.0
Engrand,299650.0
Imart,297517.0
D'INTORNI,297012.5
GIRAULT,293000.0
BOURDOULEIX,292810.5
louault,292694.0
Hoerlé,290000.0
NIQUE,290000.0
SCHRECK,288925.0
PIANEZZA,287268.0
germain,287000.0
GREAUX,286900.0
GUIGUE,285987.0
Gest,285636.0
DUGOURD,285045.0
Bourel de La Roncière,284678.0
MARAULT,284500.0
Forissier,281884.0
Richefou,281666.6666666667
LE CORRE,281203.0
malet,280000.0
ISEPPI,278500.0
TAILLY,276815.0
WINOCOUR LEFEVRE,275830.0
LAM,273433.0
Minard,271133.3333333333
Dejean de La Batie,270000.0
stassinos,269641.5
jeandon,269498.6666666667
MATHONIER,268977.0
GORIOUX,268722.0
MIRALLES,268688.0
RODINGER,268584.0
PARENT,268126.0
Donath,267567.5
LE PEIH,266110.5
DESTAILLEUR,264900.0
MOURRA,264638.0
meunier,260000.0
Dauré,260000.0
chalopin,259658.0
Berthet Cottarel,256539.0
ZINGRAFF,255000.0
cavanna,255000.0
ROSEREN,254837.5
DORTE,253762.0
Bonfanti-Dossat,253628.0
POIRIER,251000.0
Cuillandre,250150.0
COLLART,250000.0
Pradié,250000.0
TEMAL,245614.0
Fabre,244404.0
capdevielle,243436.0
PIEDNOIR,242849.0
KOSSOWSKI,242664.0
QUERO,242250.0
MAZY,242181.0
LE YONDRE,242010.0
MESSAGER,241467.0
Gosselin,240000.0
SEROUX,240000.0
REID ARBELOT,239831.5
STRAMBIO,239500.0
ALLEGRET-PILOT,237903.0
reichardt,237279.0
Delesalle,237065.0
Coail,237047.0
FRICOUT,235673.5
Clément,235576.0
BONHOMME,235492.0
DUTERTRE,234150.0
Dambach,232687.5
simeoni,231400.0
BECHU,230000.0
lebrun,227334.0
SEGUIN,227075.0
SALVADOR,225692.0
Chorain,225000.0
brochot,224850.0
EPINAT,224200.0
DESCROUET,223875.0
GROS,221875.0
Pozzo di Borgo,221540.0
SURLE-GIRIEUD,220218.0
nassah,220000.0
BILLON,219400.0
cambon,216047.0
RAVOT,215123.0
GAILLARD,215000.0
Farreng,214500.0
bergerol,213315.0
SUCK,212873.33333333334
BAUDOUX,212822.0
de Choulot,211630.0
Ferrand,210844.0
Bres,210000.0
khalifé,209650.0
Huyghe,208546.5
PRIOUX,208045.0
LARCHER,203897.33333333334
HUNAULT,203475.0
LAGARDE,201739.66666666666
pustorino,201621.0
metzdorf,200800.0
MOUTON,200458.33333333334
ANDREYS,200000.0
nebout,200000.0
MARCHAND,200000.0
FROMANTIN,200000.0
Pelleteur,200000.0
Thoraval,200000.0
FAURE,200000.0
Guillou,199244.5
ZAZOUN,199021.0
TENENBAUM,197418.5
Mohamed Soilihi,195000.0
MEYER,194000.0
BRAULT,193055.0
MARLIN,190800.0
Ramdane,190000.0
ARNAULT,189359.0
GOULET,189087.0
ERRANTE,188057.5
BONIN,188000.0
VERSTRAETE,187575.0
Baldy,186000.0
CHAZAL,185875.25
barruel,185875.0
Dromain,185612.66666666666
PARIGI,185600.0
karam,185000.0
ROUSSET,184819.6
MATTEI,184225.0
le breton,183328.0
MANGIN,183243.57142857142
FOURNIER,181199.66666666666
CHENEVARD,180573.5
Gonzalvez,180000.0
CUISSET,180000.0
Jean-François,180000.0
Meunier,179290.875
Faucher,178333.33333333334
BRUNET,176642.66666666666
BRIQUET,176389.0
Medevielle,176000.0
fouassin,175321.0
MORANCHO CROQUETTE,175000.0
Fouché,173181.0
vernin,170533.2
BADIN,170200.0
LESUEUR,170040.0
GENDROT,170020.0
AMBLARD,169959.0
LEONETTI,169457.0
BLANCHÉ,168000.0
Cholley,167996.0
MOREAU,167938.6
Pozmentier,167533.33333333334
Hartmann,167504.0
Léger,167040.0
EAP,166773.0
LAERNOES,163451.5
COURTIAL,163236.0
MOREL,162229.0
Le Bourgeois,162112.0
Detavernier,161903.0
Coste,161100.0
gomont,160843.0
OZENNE,160500.0
brissard,160482.0
CHAUVET,160250.0
Habib,160240.0
CAZAUBON,160000.0
AKPINAR-ISTIQUAM,160000.0
DELL AGNOLA,160000.0
Lochmann Beaujour,158946.66666666666
BEAUCOUESTE,158475.0
MERCIER,158418.0
Leblanc,157809.0
Quenette,157174.0
Toranian,157000.0
Desprez,156900.0
Clergeau,156419.5
Gastinne,156317.6
LETRILLART,155584.33333333334
dumas,155496.0
FAIVRE,154209.0
Gouverneur,153930.0
VALORGE,153750.0
GUEDJ,153502.0
BONNET-VALLET,153500.0
Cazeneuve,153283.0
De Beule,152640.0
apourceau-poly,151932.5
VIAUD,151227.0
ENGRAND,150000.0
Henrion,150000.0
BELLEVILLE,150000.0
brial,150000.0
Pestre,150000.0
ROUSSEAU,149524.5
MARIE-LOUISE,149000.0
VIDAL,148046.75
potier,147115.0
Saulignac,145612.0
Souyris,145071.0
Garnier,144800.7
Chaize,144000.0
paoli-gagin,142536.0
Pons,142500.0
Ouzilleau,142251.0
FLEURY,142166.66666666666
SORET,142150.0
BERNARD,142145.0
ROMELLE,141090.0
BERTRAND,140500.0
homehr,140000.0
Denis,140000.0
LENFANT,140000.0
DEBAT,140000.0
CORNELOUP,139910.0
MICHEL,138967.55555555556
PIMPIE,137882.0
JUNG,136638.0
MILLER,136368.0
Chalumeaux,136150.0
Dati,135413.0
LE MOULLEC,135000.0
Dupont,134868.0
THILLAYE,134601.0
THURIOT,133311.66666666666
MOURIER,133179.0
Raynaud,132500.0
DEVALLEE,132465.0
BEHOTEGUY,131845.0
CHIKIROU,130853.0
GODIN,130171.0
Boussard,130000.0
ATTAL,130000.0
SCHMITT,129016.0
vallet,128693.0
LAMQUET,127500.0
MAGNIER,126390.0
Masson,125500.0
LE GRAND,125000.0
TOE,125000.0
RAYNAUD,124996.0
Mercier,124356.5
Bournat,124000.0
LEMASSON,123865.0
Cauwel,122620.0
AUBERT,122386.0
VETILLART,122000.0
HOMMET,121000.0
ARTIGNY,120559.5
Bouchez,120000.0
TREGUER,120000.0
BOUTRUCHE,120000.0
Fouré,120000.0
DESSEAUX,120000.0
Audrin,120000.0
LEDUC,120000.0
CHENEAU,120000.0
COLOM,120000.0
BRACQUEMOND,119907.0
Rauch,119900.0
Garrabe,119485.0
BENOIT,119170.0
PERRET,119159.5
OLIVE,118848.33333333333
LATOUR,118790.0
Stern,118137.0
bonhomme,116777.0
PALACIN,115515.0
JOSSERAND,114960.0
Bourleau,114213.0
MULLER-BRONN,113318.0
MEGGIATO,112777.0
gosselin,112539.0
cornillet,112110.0
Fostier,111600.0
DURIMEL,111225.0
Jesson,110744.0
DUBLANCHE,110500.0
de russé,110415.0
DUTIN,110203.0
Fargeot,110100.0
HAREUX,110000.0
LAGOURGUE,109948.6
tillard,108625.0
Chain-Larché,108248.0
Minarro Baudouin,108218.0
MARSEILLE,108082.66666666667
HURELLE,107600.0
Thionnet,107338.0
Peyroulet,106926.5
Laëtitia,106359.0
CAZENAVE,105672.0
Albertini,105537.0
DELATTRE,105525.0
Simonet,105000.0
nury,105000.0
DAUBRESSE,104725.0
lecamp,104586.0
SELLY,103500.0
Gautier,103200.0
dauchelle,102500.0
ALLOTO,101660.0
HERZOG,100557.0
Chassaubéné,100500.0
lagarde,100477.0
Markowsky,100435.0
Monin,100250.0
HAITI,100176.0
DARY,100114.0
sandragne,100000.0
BOCQUET,100000.0
Gisselbrecht,100000.0
Brun,100000.0
durrieu,99920.0
RONCIERE,99092.0
Muriel,98750.0
FRAPPE,98044.0
LAVIT,98000.0
Werbrouck,97885.0
bazile,97648.0
keloua hachi,97500.0
DUFFOURG,97392.0
GRAPPIN,97253.0
Daubet,97050.0
LEVADE,96937.0
LOCQUET,96700.0
SEJEAU,96000.0
GERNIGON,95750.0
Corne,94500.0
CANAYER,94498.5
Sturni,94080.0
Le Liboux,93599.0
Ferré,93515.0
BRACCO,93000.0
Gobert,92966.0
BEGEL,92400.0
GOMART,92000.0
Bay,91725.0
Thiébaut,91637.0
Marion,91250.0
GRAND,91196.0
SEGAUD,90624.0
Casterman,90585.0
Courtois,90402.0
SAULNIER,90280.0
LERMAN,90000.0
VERRIER,90000.0
COSTE,88856.5
MAZARS,88770.0
BOUARD,88750.0
HUVET,88613.0
ROME,87500.0
PELLICANO,87481.0
DHAMY,86670.0
SPET,86003.0
MANCUSO,85119.0
CHARGUEROS,85091.0
LESCOUTE,84810.0
LOMBERTIE,84563.2
ARNAUD,84554.0
PONCET,84118.0
delaire,83925.0
PANIFOUS,83531.0
Marini,83455.33333333333
BUGIS,83227.0
labarthe,83195.0
Garot,83153.0
badenas,83000.0
Midy,82799.5
PIRON,82467.0
FESNEAU,82375.0
HOCQUELET,81250.0
CHEVALLIER,80639.0
Lavarde,80565.0
Vos,80020.0
BOUCHET,80005.33333333333
LAMY,80004.0
ROMAGNY,80000.0
MASSET,79995.5
SACCANI,79678.0
YADAN,79332.5
VIRY,78821.0
CANARD,78750.0
Germanangue,78400.0
Isnard,78388.66666666667
DARDELET,78100.0
DEWIT VAN STYVENDAEL,77875.0
Cathelain,77561.0
Liso,77506.5
FERRER,77435.66666666667
bonnet,77400.0
MILLET,77095.0
CANNET,77000.0
daragon,76943.0
GARRON,76767.0
rudisuhli,76440.0
Hameau,76160.0
JACQUIN,76128.0
woerth,76000.0
Nahant,75990.0
RAPP,75605.0
Campy,75460.0
BERETTONI,75000.0
saint-paul,75000.0
ARRIVE,75000.0
Belot,74847.0
condomitti,74755.0
Pelanne,74500.0
Hehn,73300.0
MONNET,72800.0
Klinkert,72686.0
PIANETTI,72684.75
RAINVILLE,72614.0
joly,72103.5
BAYLET,72003.0
DELPY,72000.0
LOQUET,71866.66666666667
CHERON,71786.0
maistre,71700.0
VARAUT,71000.0
COURTES,70989.0
JABLONSKI,70710.0
CUVILLIER,70469.0
CHRISTOPHE,70150.0
DUNOD,70092.0
POUSSIER,70000.0
RURUA,70000.0
LE MEUR,69964.5
KARAMANLI,69900.0
Gatel,69041.0
kahlal,69000.0
Nicolas,67742.0
Desforges,67581.0
GOBLET,67119.0
Guiraud-Chaumeil,66913.0
SOULIER,66808.0
BEAULNES-SERENI,66798.0
MOUNIER,66700.0
GLEMOT,66446.0
ayral,66000.0
MARCHIO,65500.5
FRANÇOIS,65443.0
ARMAND,65268.0
Michelet,65000.0
GUYON,64638.0
Hagenbach,64579.0
JUVIN,64435.0
DAUGERON,64390.0
BILLOT,64000.0
FISCHER PATRIAT,63947.0
BAPTISTE,63337.5
PONS,63200.0
Bédier,63001.333333333336
Grasset,62500.0
cefis,62500.0
morel,62445.0
TERLIER,62126.0
de COURSON,62122.5
Christophle,61594.0
PERRAUD,61454.0
Ledeux,60550.0
PITON,60241.75
blanchard,60000.0
CHIAVASSA,59940.0
Monnet,59449.0
HIDRI,59375.0
Le Nagard,59358.0
Dubois,58397.0
Cotterlaz-Rannard,58316.0
BRES,58223.0
BIRAS,58168.0
LIPSOS-SALLENAVE,57826.0
SADI,57750.0
BOLZE,57600.0
DESEILLE,57558.333333333336
Mansour,57000.0
SIMIAN,57000.0
AT,56728.0
Bazin-Malgras,56297.0
coulon,56053.0
Ozenne,56000.0
BETTATI,55625.0
PELISSIER,55422.0
MOTTE,55000.0
CUENOT - STALDER,55000.0
DESCHIENS,54704.0
CORROLLER,54572.0
CADEC,54426.0
SANDEVOIR,53928.0
Robert-Dehault,53518.0
DURAND,53329.666666666664
JARRASSIER,53000.0
PETRONIO,52931.0
STANZIONE,52599.0
PAHUN,52500.0
DASTILLUNG,52449.5
PAOLI,52396.0
GEHANT,52069.5
LENOURRICHEL,52000.0
bezirard,52000.0
Narassiguin,51949.0
PEES,51037.0
Cordier,50973.0
ROTOLO,50750.0
LECLERC,50601.5
HERBILLON,50400.0
HUBERT,50157.5
GREGOIRE,50000.0
BESSIERE,50000.0
MONTECOT,50000.0
courtel,50000.0
BOUDIER,50000.0
alleman,50000.0
crampe,50000.0
tenoux,50000.0
vasselin,50000.0
Bever,50000.0
Le Ray,49537.0
Piolle,49434.0
DEVINAZ,49356.5
CROSS,48299.0
LAHORE,48299.0
Adam,48141.0
DENOUES,48000.0
ZOBDA,48000.0
Goy-Chavent,47407.0
Brichet,47179.0
Girard,47091.0
MELCHIOR,47016.333333333336
GRENOT,46900.0
Chevillard,46250.5
KLEIN,46207.0
Benassayag,46000.0
Daniel,45411.666666666664
MATHIEU,45036.0
VEYRIRAS,45000.0
Bluteau,45000.0
DUQUESNE,45000.0
LAFON GAUTHIER,44853.0
tukumuli,44659.5
belleil,44120.0
RAY,44054.0
LE DOARE,43801.0
VALLA,43505.0
CHAPOTON,43500.0
Vanlerenberghe,43345.0
Félix,42627.0
MILON,42500.0
VASSET,42363.5
AROSTEGUY,42317.0
BORGOO,42000.0
HOUPERT,42000.0
LAFON,41775.0
Bichet,41758.0
BONNEFOND,40973.0
FAVREAU,40524.0
BELLAIS,40500.0
NOEL,40320.0
Froment-Meurice,40000.0
Delage,40000.0
Cottigny,40000.0
Le Bechec,40000.0
Tavernier,40000.0
herry,39900.0
GRANDJEAN,39502.25
DREYSSE,39500.0
Mellinger,39418.0
FAUTRA,39375.0
CLICQ,38817.0
LE FEUR,38582.5
Cuénot,38297.0
PLOTEAU,37950.0
HIRAUX,37933.333333333336
Vercamer,37800.0
KBIDI,37622.5
MUSSINGTON,37050.0
Fontimp,36882.0
leclercq,36500.0
Fremiot,36265.0
DELAUTRETTE,36250.0
Barrot,35328.0
cousein,35100.0
Blinette,35000.0
billault,34763.5
Bompard,34478.0
BOULAY,34452.0
Létard,34442.0
Daubié,34300.0
ACCARY,34264.0
BRIERE,34231.666666666664
Semler-Collery,33746.5
Bouquet,33532.0
MESLOT,33237.0
Castillo,33053.0
ALEDO,33027.0
Hamelet,32626.0
Guilloteau,32286.666666666668
Cornet-Ricquebourg,32250.0
Panetta,32000.0
Bigot,31857.5
Saintoul,31362.0
PEREZ,31325.0
Rousseau,31271.0
BRANCOUR,31250.0
DESVERONNIERES,31185.5
BARRIOL,30866.0
Faure,30507.0
GORDAT,30462.0
GENTIL,30239.0
GREMILLET,30112.0
CESARI,30088.571428571428
mignola,30050.0
CORDIER,30018.25
TERIITAHI,30000.0
TERMON,30000.0
LE NABOUR,30000.0
LACOMBE,30000.0
galpier,30000.0
TORDEUX,30000.0
JEAN-LOUIS,29800.0
PILA,29666.0
FREY,29646.0
EME,29324.0
FUMERY,29200.0
Ott,29011.0
Eymeoud,29000.0
HETZEL,28771.0
MUNCK,28571.0
JOLY,28110.0
Gontard,28000.0
LEFEVRE,27791.0
Ribard,27761.0
Auzou,27500.0
LISNARD,27429.5
LEVI,27236.5
cueff,27190.0
Aubourdy,27083.333333333332
DINDAR,27002.0
bertrand,27000.0
MARTIN-GENDRE,26858.0
Cristiani,26600.0
Paumier,26451.0
Nédélec,26430.0
GAZAY,26428.571428571428
Lefort,26378.0
fontaine,26372.0
MERINE,26354.0
canfin,26000.0
Taite,25916.666666666668
Robert,25782.0
LOUISY-LOUIS,25577.0
SOW,25500.0
Rouly,25419.909090909092
DENIEUL,25384.0
chapuis,25376.5
BERNO DOS SANTOS,25283.333333333332
Belleval,25268.8
SCHMITTER,25149.0
ROY,25147.2
PRIMAS,25082.0
LAGNEAU,25080.0
VIALA,25066.666666666668
PHILIPPE,25017.5
Chantrel,25000.0
SUEUR,25000.0
BORRE,25000.0
BAULIEU,25000.0
Lengereau,24910.0
SOLLOGOUB,24690.5
CHAVENT,24674.0
Charafe,24638.0
GUINIOT,24288.0
Louchaert,24000.0
Ledee,23897.0
CHEVROLLIER,23134.0
HORY,22977.0
DUPONT,22899.25
BULTEAU RAMBAUD,22867.0
Guigue,22767.0
DUBOIS,22710.0
LOUBET,22709.0
PARISOT,22560.0
Michaud,22443.333333333332
CRIAUD,22400.0
CHAVEROT,22385.0
ARLABOSSE,22090.0
CANTIN,22000.0
FIEVET,21933.0
Calvat,21666.666666666668
Patoux,21343.0
Patient,21248.0
Aubin,21057.333333333332
GUITTON,21049.0
SEIGNÉ,20949.0
JAUNET,20935.0
DIRX,20729.0
Taupiac,20721.0
VALY,20720.0
Esplugas-Labatut,20554.0
BRANDOLIN-ROBERT,20400.0
Le Callennec,20238.0
CORBISEZ,20215.0
calas,20202.5
Madaule,20183.0
Falcon,20000.0
VALTON,20000.0
FROMONT,20000.0
Camus,20000.0
Lake,20000.0
Allemand,20000.0
LINGEMANN,20000.0
LEVY,20000.0
REDLER,20000.0
LE GOFF,19978.0
Henry,19955.0
Jacobelli,19881.0
DARRIEUSSECQ,19837.0
TCHOBDRENOVITCH,19803.0
camilla,19721.0
Stoebner,19600.0
arsac,19500.0
BOST,19242.0
SABATOU,19200.0
LAURENT,19107.333333333332
Lenoir,18979.5
Ouizille,18833.0
Poumirol,18678.0
Jouve,18585.0
BERNADETTE,18460.0
TROADEC,18330.8
dufour,18000.0
BOEDEC,17976.833333333332
LECOCQ,17747.0
codorniou,17730.0
BERRIOS,17702.5
sarda,17700.0
Bourgeois,17600.0
NORMAND,17568.0
BERNIGAUD,17500.0
Mellier,17416.0
MOLINOZ,17381.0
SOLER,17276.0
LOUVRIER,17250.0
bethoul,17195.0
Linquette,17000.0
GENOLHER,16972.0
besserve,16845.0
MORIN-DESAILLY,16384.0
LE BERRE,16377.0
Longeot,16213.0
BOUAMRANE,16096.5
CERINO,15899.0
FRANCOIS-DAINVILLE,15871.0
BONNEAU,15600.0
CHABERT,15580.0
yvon,15405.0
CAVITTE,15310.0
SANQUER,15220.333333333334
MARTINEZ,15095.0
merle,15000.0
OUSSENI,15000.0
BOUE,15000.0
Mangrolia,15000.0
Delahaye,15000.0
DELGA,15000.0
dhelias,15000.0
kuchel,15000.0
MATT,15000.0
Kerrouche,15000.0
SOURISSEAU,14998.0
BUFFET,14961.0
COUREAU,14955.0
Giletti,14575.0
KANNER,14540.0
nantier,14526.0
Auslender,14000.0
FRISTOT,13883.25
Mallié,13860.0
DREXLER,13860.0
VIGNAUD,13854.0
BELHADDAD,13663.0
AVEROUS,13543.857142857143
IACOVELLI,13467.0
TOULLEC,13466.666666666666
DESEYNE,13363.5
CASSAGNOLE,13271.5
GRUET,13175.5
DEVEZE,13077.0
NICOLIN,13063.0
BAZUS,13016.0
DESFOUX,13008.0
Lepretre,13002.0
Werner,13000.0
MICHAU,12969.0
BALLENGHIEN,12889.0
HUSSON,12839.5
JEANSANNETAS,12750.0
HAQUIN,12660.0
SCHMIDIGER,12657.0
Duby-Muller,12453.0
BERROU,12415.0
nabenesa,12226.0
GUHL,12192.0
Vogt,12052.0
PANNIER-RUNACHER,12036.0
HINGRAY,12000.0
SIMONIN,11950.0
CLODONG,11855.666666666666
Rougheol,11800.0
Patriat,11795.0
SOREL,11782.0
Schneider,11620.0
AVENA,11500.0
MOLIERAC,11500.0
BRUTHE,11475.0
Nordman,11462.0
LASSERRE,11368.5
ABRANOWITCH,11200.0
Savreux,11164.0
DENIS,11160.0
Bouty,11100.0
liscia,11010.0
Godinot,11000.0
Rechagneux,10978.0
POULLOT,10671.0
RAFAITIN-MARIN,10663.0
LEMAZURIER,10603.333333333334
Laloy,10500.0
moreau,10500.0
BAVAY,10400.0
Hogard,10250.0
Erremundeguy,10222.0
Nadine,10200.0
LURTON,10198.666666666666
LEFORT,10158.0
Prieur,10140.0
DAVIN,10126.0
GROSDIDIER,10100.0
EIDELSTEIN,10100.0
nouhaud,10080.0
GAURAT,10000.0
VALLOIS ROUET,10000.0
allaire,10000.0
BIHL,10000.0
MELLOULI,10000.0
testard,10000.0
TROUSSELLE,10000.0
vuillemin,10000.0
saint martin,10000.0
VALLS,10000.0
Menhaouara,10000.0
LAKRAFI,10000.0
Dujols,9600.0
LAVALLARD,9500.0
Delannoy,9467.0
SMATI,9420.0
FUGIT,9253.0
LUCZAK,9000.0
Lhardit,9000.0
Soudais,9000.0
Jolly,9000.0
BELLIARD,8800.0
lejeune,8743.0
GADENNE,8717.0
MODURIER,8671.0
Houlès,8623.5
Boulogne,8591.5
PERINI,8539.0
Cabri,8500.0
LURIN,8500.0
DURIN,8484.0
BONNICHON,8400.0
Irigoyen,8350.0
ACCARION,8250.0
STRAUMANN,8236.0
leveque,8163.0
kollmannsberger,8138.0
GILLE,8000.0
LANA,8000.0
Berdoati,8000.0
BITEAU,8000.0
Provost,8000.0
MOUTAMA CHEDIAPIN,8000.0
BALLESIO,8000.0
CRAMOISAN,8000.0
GENNARO,7990.0
PEULTIER,7900.0
Perrocheau,7809.0
gauthier,7700.0
Didier,7623.0
Bréaud,7523.0
KOHUMOETINI,7513.0
MINIER,7500.0
de Montesquiou,7470.0
Nadesan,7424.0
Houssin-Salvetat,7395.0
POLAT,7329.5
MICHAUD,7299.5
Albouy,7000.0
BREILLAT,7000.0
SIX,6995.0
Dantec,6964.0
AUDIBERT,6937.0
SATOURI,6933.0
POQUIN,6867.0
MARTINS,6822.0
LECOINTE,6800.0
Reydy,6760.0
Balon,6754.0
BRETTON,6750.0
BRIAND,6750.0
Khouiel,6750.0
Fauconnier,6700.0
HARRIBEY,6550.0
CORMIER épse ANDRE,6400.0
DUPLESSY,6331.0
Alemany,6292.0
CAKIN,6250.0
somon,6236.0
DEKENS,6200.0
LABELLE,6040.0
SICARD,6027.0
Soulard,6000.0
TOLASSY,6000.0
Chihi,6000.0
JOSENDE,6000.0
AILLERIE épouse HAMARD,6000.0
SALAUN,6000.0
GORGES,6000.0
lacombe,5987.0
HOMMEL,5970.0
SAINT MARTIN,5900.0
COLLIAT-DANGUS,5808.0
MENARD,5801.0
Martin,5660.0
Chapuis,5600.0
RECALDE,5600.0
CALVO,5563.0
MANZARI,5500.0
LEROUX,5500.0
Tenneroni,5486.0
DEBONS,5400.0
Dolgopyatoff Burlet,5400.0
THOMAS,5396.5
CANTALOUBE,5357.0
baile,5260.0
DESQUESNE,5253.0
demas,5250.0
CHABAUD,5238.0
DI FOLCO,5136.0
SEELS,5100.0
Couchot,5066.6
WOITIER,5050.0
GUSTAVE,5050.0
GABARRON,5015.0
SAVOUREY,5013.0
GABORIT,5000.0
imbert,5000.0
Duperthuy,5000.0
Descombes,5000.0
Ferreira,5000.0
GENETET,5000.0
GERIN,5000.0
WEÏSS,5000.0
HOCBON,5000.0
Garraud,5000.0
Galtier,5000.0
SOUMAILA,5000.0
JUSTOME,5000.0
GARCIA,5000.0
STEFANINI,5000.0
Tisné-Versailles,5000.0
Tavel,5000.0
JUIN,5000.0
CHAVANON,5000.0
Lungart,5000.0
ASLANIAN,5000.0
LIME VIEILLE,5000.0
ALSTERS,5000.0
WAUQUIEZ,4901.0
Verdier,4900.0
ABBAS,4848.0
LEVASSEUR,4811.0
BALARDY,4800.0
blin,4800.0
CARRERE-GEE,4720.0
Delpeuch,4700.0
Négret,4682.0
PAUL,4671.5
Aguin,4644.0
NICOLLET,4617.0
RAMOS,4567.25
JOULIÉ,4500.0
BRUNDU,4500.0
LE SCORNET,4500.0
Torreilles,4467.0
LE LUHERNE,4350.0
Hamida,4311.0
FERRAND,4310.0
Pabritz,4260.0
achalme,4225.0
BUTCHER,4166.0
Martineau,4165.0
MONTAGNAT,4106.0
RIOU-BOURDON,4100.0
LATOMBE,4087.0
Boudineau,4060.0
DARRAS,4020.0
DEBOURG,4018.0
Caraco,4000.0
RÉBÉROT,4000.0
PICHERY,4000.0
petiot,4000.0
Charville,4000.0
BRUNEAU,3997.0
DEDIES,3986.5
VALLI,3945.0
cozic,3897.0
GLACET,3875.0
CARRERE,3833.8
NIKOLIC,3831.0
Bounes,3822.0
Pla,3800.0
RAPIN,3779.5
Briat,3766.0
HYBERT,3711.0
ripert,3700.0
Gicquel,3700.0
fournier,3692.0
Limonta,3681.0
BACCI,3666.0
Baloge,3640.0
cuvelier,3600.0
ROMERO-MICHEL,3553.0
Leseul,3550.0
Spillebout,3542.0
GRUDLER,3500.0
AESCHLIMANN,3468.0
Grellier,3458.3333333333335
ELEXHAUSER,3437.0
Goujon,3430.0
DU BUIT,3423.0
Taubrégeas,3418.0
MELLERAY,3333.0
JEANSON,3323.0
Petex,3218.0
Rodes,3200.0
Turbatte,3200.0
deprince,3187.0
Serp,3183.0
Philippe,3183.0
Marias,3110.0
DELHAYE,3097.0
PRIOLLAUD,3017.0
lechanteux,3008.0
Létoquart,3000.0
Jadot,3000.0
Mitonneau,3000.0
Aguiton,3000.0
Staron,3000.0
RENARD,3000.0
Garin,3000.0
ROUX,3000.0
TROGRLIC,2972.0
GENOVESIO,2970.0
Schlesinger,2967.25
nanchi,2962.0
Barthès,2918.0
AUGIS,2883.0
Matet,2853.0
PAULIAT-DEFAYE,2845.0
Ramond,2841.0
LE GRIP,2813.0
Rampal,2810.0
abreu goncalves,2809.0
lafarie,2750.0
BOLE,2750.0
GRAVELLE,2750.0
Foveau,2749.0
Metzdorf,2700.0
DENIAUD,2633.0
Christine,2629.0
CANEVET,2607.0
Lungenstrass,2544.0
TRE-HARDY,2535.0
MICHALLET,2510.0
LAFONT,2500.0
CATTIN,2500.0
CARILLON,2500.0
Evren,2500.0
BASQUIN,2500.0
Dumont,2460.0
Dabin,2457.1428571428573
RIETMANN,2450.0
willaume,2397.0
Boubée,2380.0
Loas,2375.0
GLUCK,2357.0
DERVILLE,2310.0
COUTHERUT,2300.0
besnard,2300.0
Ricou,2300.0
POYET,2260.0
SAYOUS,2236.0
BRAUX,2225.0
Martinie,2225.0
GIOVANNANGELI,2200.0
Bonnet,2200.0
GOUEROU,2198.0
COTTEREAU,2172.0
MARCOT,2161.5
JANDER,2150.0
REGNAULT de MONTGON,2148.0
Grégoire,2140.0
JOUVET,2134.2
LEPORTIER,2115.0
MONIER,2114.0
Bidard,2100.0
Clavet,2100.0
LOSBAR,2078.6666666666665
FRANCO,2066.6666666666665
Belrhiti,2048.0
Bourcier,2021.0
Bui-Xuan Picchedda,2004.0
RIVIERE,2000.0
lafargue,2000.0
HIVER,2000.0
LAJUGIE,2000.0
Logié,2000.0
Jacotot,2000.0
Decagny,2000.0
Sattonnet,2000.0
BELLAY,2000.0
HANOH,1998.0
BRILLARD,1981.0
Bergé,1950.0
Augey,1925.0
MANDON,1920.0
Toro,1900.0
ozenne,1900.0
MARTEGOUTTE,1888.0
MARCY,1876.0
Cauchetier,1848.6666666666667
VERCHERE,1840.0
Hamel,1797.0
BOULOUX,1780.0
BOURBIGOT,1762.0
Escoulan,1758.0
DESOUCHES,1700.0
LOPEZ LIGUORI,1682.0
PUNUA,1676.0
FIALAIRE,1666.0
Chan,1658.0
LIGOT,1537.3333333333333
PIQUEMAL,1525.0
CASTOR,1520.0
Pluchet,1500.0
Feltz,1500.0
Klinger,1500.0
Riom,1500.0
Mardikian,1500.0
verdier,1500.0
DUFORESTEL,1500.0
Erodi,1500.0
THEOPHILE,1500.0
VIGIER,1500.0
BILA,1490.0
VILA,1485.0
RIBOULET,1485.0
MARCHET,1465.0
CAPITANIO,1455.3333333333333
Ferde,1383.0
ARRIGHI,1380.0
VOGEL,1366.6666666666667
GUEVEL,1339.3333333333333
CHARRIER,1334.0
VERNAY,1323.0
Delord,1308.0
FOUILLET,1306.6666666666667
Rimane,1300.0
BELLINI,1255.0
HENNO,1250.0
FARA,1229.0
CLEMENTE,1168.0
Etcheçaharreta,1164.0
ROCHAUD,1120.0
Robin,1110.0
WILLIAM,1100.0
Sillani,1038.6666666666667
GOUTH,1035.0
AUDEGOND,1010.0
lecordier,1008.0
Nebbula,1000.0
CHALUMEAU,1000.0
Houssin,1000.0
RALLO,1000.0
Colas,1000.0
NAUDAN,1000.0
Le Hénanff,1000.0
BAUDOUIN,1000.0
Tahri,1000.0
Branco,1000.0
TURCHETTO,1000.0
CADART,1000.0
Guitton,1000.0
BRUN,1000.0
ESTROSI,1000.0
DES ESGAULX DE NOLET,1000.0
CHIAPPA - KIGER,1000.0
VILLECOURT,1000.0
BAMANA,1000.0
BONTINCK,1000.0
Rebsamen,1000.0
BERNIER,1000.0
gros,1000.0
D'IMPERIO,1000.0
BORRÉ,1000.0
Salmon,1000.0
MARCHIS,1000.0
L'Hour,1000.0
MOULIN,1000.0
UGO,1000.0
ZOURGUI,1000.0
Keller,1000.0
BRETON,1000.0
Pradayrol,1000.0
LAPPARTIENT,1000.0
BROSSET,1000.0
CLOUAIRE,1000.0
Alphonse,1000.0
Meurin,1000.0
REISS,999.0
Lhermitte,996.0
BELAIR,990.0
GUERIN,970.0
MORANÇAIS,963.0
DUFAU,949.5
TANGUY,932.0
Pochon,900.0
BERTELOODT,900.0
MAURER,900.0
MASSART,900.0
BRIOIS,900.0
Frebault,855.0
Lopez,853.0
Bouyssonnie,850.0
ZIEGLER,850.0
MAISONNAT,841.0
Bertin,840.0
TIEOUE,838.0
Boyer,837.0
Siegler,828.0
GUIMBERTEAU,827.0
AFFILE,813.0
ROUGE,809.0
SAINT-PE,801.0
LESEIGNEUR,800.0
MAGLOIRE,800.0
TEMARII,792.0
CHARPENTIER,790.0
LAUREY,762.0
Jacky,762.0
Diers,760.0
PATRIARCHE,760.0
Charpentier,755.0
KOUATHE,754.0
Mennetrier,750.0
lemare,750.0
BUISSON,750.0
Cornu,750.0
VIROULAUD,743.0
RAVIER,736.0
Mezrar,724.0
Ardouin,711.0
Lucas,700.0
ARENAS,700.0
RAYOT,700.0
Saint-Orice,699.0
MORELL SAMPOL,691.0
lermytte,682.5
POUEYTO,680.0
QAEZE,670.0
roumegas,650.0
mignonet,650.0
nieson,649.0
cherriere,648.0
REYNAUD,645.0
HAZOUARD,600.0
Jacob,600.0
ZILIO,600.0
BEDEK,600.0
RINGUET,600.0
Delaitre,582.0
AZOUG,580.0
princay,573.0
MAUGUIEN-SICARD,573.0
Bouche,556.5
DELALIN,542.0
patouret,501.0
ARZAL,500.0
BARBIER,500.0
ALLIONE,500.0
LIVRELLI,500.0
depallens,500.0
Baume,500.0
Pineau,500.0
DELPECH,500.0
Renard,500.0
LIRON,500.0
ROGER-MOIGNEU,500.0
launay,500.0
Bardot,500.0
Geoffroy,500.0
TAISNE,500.0
bramoullé,500.0
Plissonnier,500.0
Lavenka,500.0
CRESSON,500.0
Bouyssou,500.0
Picard,500.0
Boudy,500.0
Guarino,500.0
Salami-Dadkhah,500.0
STEFFEN,500.0
DI GIOVANNI,500.0
Loire,500.0
MARCHANI,500.0
RAIMBAULT,500.0
Prioleaud,500.0
SAID ANZUM,500.0
BONNEFOI,500.0
Lorentz,500.0
mandelli,500.0
SOMEN,500.0
martin,490.0
Assié,480.0
Grass,480.0
Rousset,478.0
COLOMBANI,475.0
Frioux,471.0
de Bonet d Oléon,452.0
LACROUTE,450.0
Decoster,450.0
Hélion,450.0
PERNEY,449.0
ROBERT,446.0
malaterre,434.0
JEAN,434.0
TONNER,422.0
Khac,420.0
FRANCOIS,410.0
Murgia,400.0
Lahalle,400.0
TRYSTRAM,400.0
THORY,400.0
LE LAN,400.0
Dauge,400.0
MAURICE,394.0
Focks,391.0
AGUILERA,381.0
MOUILLER,367.0
SALEL,359.0
Juliette,357.0
Robic,350.0
Boudié,350.0
ABELLI,350.0
PIRES BEAUNE,346.0
BILHAC,320.0
MISSIOUX,316.0
GIRAUD,310.0
ORAIN GROVALET,300.0
Maury,300.0
PARTRAT,300.0
Rabadan,300.0
PLISSONNEAU,300.0
Choplin,300.0
Ménagé,300.0
CAILLET,300.0
haddad,300.0
RAPPENEAU,300.0
INEZARENE,275.0
VADOT,255.66666666666666
MURZI,250.0
Raynal,250.0
AMRANE,250.0
Laval,250.0
Elazouzi,250.0
Sorre,250.0
Kervran,250.0
Valentin,250.0
BARREAU,250.0
Chabrillat,250.0
Damy,250.0
DIVE,250.0
PERREARD,250.0
KAUTAI,247.0
NEUDER,247.0
Piera,243.0
Fournier,240.0
HIGNET,240.0
Lei,230.0
Evrard,229.0
bouyx,227.0
Durand,225.0
GACQUERRE,221.66666666666666
Jourdan,221.0
Pilato,219.0
PERRIN,212.5
Gibert,207.0
Gagliolo,202.0
Modde,200.0
Blet,200.0
Slimani,200.0
FERON,200.0
DEPAIX,200.0
Barles,200.0
FERRARI,200.0
Matergia,200.0
AVIAS,200.0
Belluco,200.0
TEISSERE,200.0
canales,200.0
DIXNEUF,200.0
Griseti,200.0
greffier,200.0
GUILLO,200.0
DULIEGE,198.0
QUILLIEN,193.5
TERRIEN,192.0
Yon-Courtin,189.0
Tikouk,180.0
Saint-Martin,180.0
CURUTCHARRY,180.0
rolland,178.33333333333334
LE GAC,177.0
MENISSEZ,167.0
GAUTIER,165.0
Fayolle,158.0
ROCHER,152.0
tomaselli,152.0
Viola,150.0
jomier,150.0
NOGUIER,150.0
Beauvarlet,150.0
Poulin,146.0
Cabanel,142.85714285714286
diwuy,134.0
MADER,130.0
Coppey,120.0
Orgelet,120.0
BEAUDREY,115.0
COIANIZ,110.0
RAYMOND,107.0
LUCOT,106.0
Verzelen,106.0
GUERET,104.0
Hanotin,100.0
COHEN,100.0
ROBINSON,100.0
gabelotaud,100.0
Bouget,100.0
Dissaux,100.0
CHESNEAU,100.0
DAVET,100.0
Smith,100.0
GOUET,100.0
CARUHEL,100.0
BEAUDON,100.0
yon,100.0
OSMOND,100.0
Pellerin-Carlin,100.0
Corzani,100.0
RETAILLEAU,97.0
LETURQUE,93.0
Berville,91.0
CASTRO,90.0
Mongaburu,90.0
bertucat,90.0
Quernez,86.0
bonnecarrere,85.0
Marchand,84.0
GIVERNET,83.0
PASTOR,80.0
MARAEURA,80.0
LE HOUEROU,80.0
Davi,80.0
CAREIL,76.0
Colson,70.0
CAMMAL,60.0
BOUCHART,60.0
chassot,60.0
Venturini,60.0
Petit,52.0
BERNARDINI,50.0
Eskenazi,50.0
Gouyette,50.0
BROU,50.0
GOURIER,50.0
GHALI,50.0
CHAUVEAU,50.0
Delacroix,50.0
Mulyk,50.0
CADIOU,50.0
Géry,48.0
JAMMES,47.0
Galliard-Minier,47.0
GUELPA-BONARO,46.0
SEBAIHI,45.0
DENIZON-ZAWIEJA,45.0
BONNEFOY,44.0
Ladegaillerie,40.0
LARGHERO,40.0
Dufau,40.0
Gaugain,38.0
BAUDU,38.0
LEMAIRE,36.0
gagnoux,32.0
MORANCAIS,30.0
Bertagnoli,30.0
MIRANDE,30.0
FILHOL,30.0
Cormier-Bouligeon,30.0
NICOLAI,25.0
COURDIL,25.0
LEGROS,23.0
Rassaert,20.0
LAFARGUE,20.0
LOUAP,20.0
BIENVENU,20.0
BERTHIER,20.0
DUCHÉ,20.0
TROUSSEL,16.0
BIOULAC,15.0
BRAU,15.0
Flohic,15.0
DAMOUR,15.0
Dénès,15.0
FRICOTEAUX,15.0
Schellenberger,15.0
LOTTE,15.0
Benbrahim,14.0
LACARRERE,10.0
PFEFFER,10.0
Polski,10.0
Violland,8.0
Maupertuis,7.0
FURET,5.0
FASQUELLE,5.0
Léaument,3.0
Beaujaneau,2.0
barenton guillas,2.0
DESSEIN,2.0
Fournié,2.0
DUMONTIER,2.0
WATTEBLED,1.0
THIEBAULT,1.0
Weiss,1.0
BOUTLEUX,1.0
LEMAITRE,1.0
Jacq,1.0
PRIVAT MATTIONI,1.0
GHEERBRANT,1.0
LE DORVEN,1.0
JEANNE,0.0
Chevalier,0.0
COT,0.0
Claveau,0.0
NE,0.0
Justinien,0.0
JODAR,0.0
Valéro,0.0
Vallade,0.0
Myard,0.0
Iordanoff,0.0
NANA-IBRAHIM,0.0
Henriat,0.0
NEAOUTYINE,0.0
JULLIEN,0.0
WEITEN,0.0
LANDREAT,0.0
LAGES,0.0
COCHET,0.0
Verien,0.0
CADUDAL,0.0
Wehrling,0.0
CANNAT,0.0
ROMANO,0.0
Eudier,0.0
ROUTIER,0.0
Anceau,0.0
ROUZIES,0.0
VELOU,0.0
VERGRIETE,0.0
BEARUNE,0.0
MEDINA,0.0
BAUMEL,0.0
MARECHAL,0.0
BEAUNOL,0.0
Leclerc,0.0
gay,0.0
ROUANET,0.0
giacomel,0.0
BERNARDINI CARRANO,0.0
Emon,0.0
geil,0.0
Hartz,0.0
Hasser,0.0
DECHAMPS,0.0
PASSEBOSC,0.0
Chati,0.0
PEYRET,0.0
DUNAND,0.0
SOMBSTHAY,0.0
Centon,0.0
arribage,0.0
TORTRAT,0.0
Campodarve-Puente,0.0
Brero,0.0
boire,0.0
WANSCHOOR,0.0
Véricel,0.0
COSSET,0.0
Vinet,0.0
CORNU,0.0
CHABAL,0.0
DUBOS,0.0
GUYOD,0.0
GUEROULT,0.0
GONIER,0.0
GODET,0.0
SEGRETAIN,0.0
PIN,0.0
PLASSARD,0.0
SAULES-LE BARS,0.0
SAULNIER ARRIGHI,0.0
SAUVADET,0.0
PETIPEZ,0.0
LE DIGABEL,0.0
LAVIOLETTE,0.0
SAMALENS,0.0
SAMSOEN,0.0
PEDEBOY,0.0
PAYET,0.0
Szpiner,0.0
ammoura,0.0
PERISSOL,0.0
Hubaud,0.0
BOURGADE,0.0
LESTAS,0.0
LEGUAY,0.0
BROSSIER,0.0
DEYE,0.0
DUCRET,0.0
GIBOTTEAU,0.0
BOUQUET,0.0
Paganin,0.0
DIJOUX,0.0
Fernandez,0.0
Fenzar,0.0
RAYEUR-KLEIN,0.0
DUPOUEY,0.0
DUPLOMB,0.0
REGOL,0.0
Baroin,0.0
BOYER,0.0
BOISSEAU,0.0
BOHIN,0.0
FIGOUREUX,0.0
ROHART,0.0
RENAUD,0.0
RIO,0.0
RIVEL,0.0
RAMPHORT,0.0
Bataille,0.0
damiati,0.0
ALIOT,0.0
de lombard de montchalin,0.0
ALCIN,0.0
AHMED-VALI,0.0
payan,0.0
largeau,0.0
ledoux,0.0
vacher,0.0
testud robert,0.0
AVIRAGNET,0.0
suard,0.0
Abaux,0.0
Abelin,0.0
revillon,0.0
CHEVILLON,-2.0
FLORI DUTOUR,-7992.0
Coradetti,-91362.0
