nom,declaration_count
LISNARD,30
MARTIN,23
BLANC,20
LEROY,19
MICHEL,17
MACAREZ,17
Martin,16
THOMAS,15
BERTRAND,15
VIAUD,13
Garnier,13
LAURENT,13
GOULET,12
NICOLAS,12
Meunier,12
BOYER,12
BOUAMRANE,12
komites,11
Rouly,11
BOUCHART,11
GAY,11
VERCHERE,10
RIBOULET,10
MENARD,10
samzun,10
GUICHARD,10
DUBOIS,10
PHILIPPE,10
PERRIN,10
TETUANUI,10
Siegler,10
BERNARD,9
DAVID,9
ROY,9
Cabanel,9
Masson,9
MOREAU,9
Blanchet,9
Levy,9
MANGIN,9
GACQUERRE,9
FOURNIER,9
lemoine,9
Courtois,9
ROUX,9
COLIN,9
DEMILLY,8
BREMOND,8
DURAND,8
DOUCET,8
BRIAND,8
DUMONT,8
Beauvarlet,8
ROSSI,8
PETIT,8
BRUN,8
NEGRE,8
BONNET,8
Klein,8
Bompard,8
daragon,8
CHEVALIER,8
CARRERE,8
CHAIX,8
MORIN,8
CATANZARO,8
GAZAY,7
Boyer,7
Dumont,7
Nédélec,7
Durand,7
CHEVILLON,7
Rosetti,7
BRUNEAU,7
Decagny,7
FAURE,7
DUPONT,7
AUBERT,7
Folliot,7
Geoffroy,7
BONTINCK,7
SIMON,7
BRUNET,7
brolly,7
thibaudeau rainot,7
CESARI,7
Bassal,7
GUERIN,7
BENOIT,7
JEAN,7
Provost-Lopin,7
Dabin,7
HUBERT,7
AVEROUS,7
BARBIER,7
ALVAREZ,7
Carvounas,7
HOAREAU,7
Baloge,7
TROADEC,7
GERARD,7
ARNAUD,7
RABASTE,7
Bayrou,6
LAUGIER,6
WEBER,6
LE HOUEROU,6
Bertrand,6
LEFEBVRE,6
LEFEVRE,6
LEROUX,6
PARIGI,6
Lochmann Beaujour,6
Brichet,6
Lert,6
Lombard,6
Méquignon,6
girard,6
AGUILERA,6
Moudenc,6
Belhadef,6
MARLIN,6
MARTINEZ,6
CHARLES,6
ALLARD,6
Baroin,6
MERCIER,6
COULON,6
de JENLIS,6
BUISSON,6
MOULIN,6
ALIOT,6
DUFFOURG,6
VOGEL,6
Dejean de La Batie,6
DEGALLAIX,6
lafarie,6
CUVILLIER,6
Beretti,6
BOEDEC,6
Brun,6
leveque,6
Copé,6
DUBOST,6
Bouchez,6
CAZEBONNE,6
ZIVKOVIC,6
Simon,6
TERRIEN,6
GUEVEL,6
Chevalier,6
Buisson,6
FABRE,6
SCHALCK,6
Rolland,6
Robin,6
GIRARD,6
Gest,6
HIDALGO,6
HERNANDEZ,6
HERVE,6
Pottier,6
Perrin,6
Pecresse,6
KERN,6
PLAGNEUX,6
Bazin,5
TOUZEAU,5
BÉNISTI,5
DEMARTHE,5
haddad,5
WANSCHOOR,5
TEMARII,5
BOUILLON,5
FERRERE,5
Chriqui,5
STRAMBIO,5
chapuis,5
TABAROT,5
Beaudet,5
Saint-Martin,5
Corne,5
ROULLE,5
ROUSSEL,5
DOMEN,5
WOLBER,5
BOST,5
BONNEAU,5
BALAND,5
ROUSSET,5
Bonnet,5
Bouche,5
Gastinne,5
Bernard,5
RISSER,5
FAIVRE,5
ROBERT,5
Guiraud,5
REPENTIN,5
BAGUET,5
Grosperrin,5
REAULT,5
RAVIER,5
HAQUIN,5
DUCHÉ,5
milon,5
SEGURA,5
RAMOS,5
DEBORD,5
Darnaud,5
Delacroix,5
HUGUET,5
Pons,5
FERRARI,5
robin,5
Hameau,5
Hervochon,5
JALTON,5
Isnard,5
Vidal,5
FISCHER,5
JOUVET,5
Jamet,5
cefis,5
FONTAINE,5
COSTE,5
BONNET-VALLET,5
PORTELLI,5
LAGARDE,5
LAGEDAMONT,5
LAGOURGUE,5
POLLET,5
Tourvieilhe,5
PLENET,5
LAPORTE,5
Amiel,5
DEZARNAUD,5
LAVIT,5
PIGNIER,5
EGRON,5
PEYLACHON,5
PICARD,5
PICHERY,5
BARSEGHIAN,5
LE DISSES,5
Vial,5
LEBRETON,5
LECA,5
LECLERC,5
BOURGI,5
TEISSERE,5
LEGENDRE,5
Belleval,5
PASTOR,5
CHABAUD,5
Robert,5
CHAMBON,5
LIBERT-ALBANEL,5
LOMBERTIE,5
LOZACH,5
Couchot,5
de Carolis,5
Marchau,5
BILLOT,5
Foveau,5
Lemardeley,5
Naria,5
NOEL,5
CLODONG,5
Crémont,5
FERRER,5
Rousseau,5
cornillet,5
Blanchard,5
TERLEZ,5
Robinet,5
BILLON,5
Sturni,5
DENIS,5
Michaud,5
CHITO,5
Schneider,5
MILLION,5
de Lasteyrie,5
MILLET,5
Bourel de La Roncière,5
Mercier,5
vernin,5
Thoraval,5
MOREL,5
GODIN,5
ALEMAGNA,5
BAUDE,5
Matet,5
Martinez,5
MOUNIER,5
ALLOTO,5
ATCHAPA,5
ANDRE,5
Leclerc,5
BORRÉ,4
CHERON,4
de Mazières,4
STREHAIANO,4
Slimani,4
Dati,4
BELLAMY,4
VISKOVIC,4
Brosse,4
BELLEC,4
Brouard-Gallet,4
ETHORÉ,4
Turpin,4
CHAUVELOT-DUBAN,4
CHAUVET,4
CHARRIER,4
billault,4
CHARROUX,4
CHAZAL,4
COCHET,4
BOURGEOIS,4
berger,4
BOUQUIN,4
Véricel,4
BENIER,4
tukumuli,4
BOURDOULEIX,4
FARCY,4
Dambach,4
SERRE,4
SERVANT,4
SCHMIDIGER,4
VIALA,4
SEBEYRAN,4
FATH,4
Baudrier,4
FAUTRA,4
FAVREAU,4
Marchive,4
FENET,4
FRISTOT,4
FROMANTIN,4
DELGA,4
FOUGERAY,4
FLEURY,4
Belair,4
CHOLLET,4
SALVADOR,4
AESCHLIMANN,4
FRANCOIS,4
SADDIER,4
Faucher,4
Faure,4
lecordier,4
Furst,4
galtier,4
Ferracci,4
Fontimp,4
Fournié,4
AGHA BABAEI,4
WILLER,4
Rosner-Bloch,4
vautrin,4
lagarde,4
Rousset,4
Rossignol Puech,4
vidal,4
Rohfritsch,4
DE CALAN,4
kohly,4
Roussel,4
GARZON,4
Delepierre,4
GATIAN,4
GARCIA,4
kollmannsberger,4
GAUTHIER,4
GAUTIER,4
kovacs,4
Rezgui,4
Ribard,4
Thévenot,4
Rigault,4
Richer,4
Rivière,4
kuchel,4
Raynal,4
Rebsamen,4
Ramdane,4
Ramond,4
Rampal,4
GHALI,4
GICQUEL,4
GLEMOT,4
geil,4
DELAFOSSE,4
ROULEAU,4
VIDAL,4
ROUSSEAU,4
DASTILLUNG,4
CAILLET,4
GOUTH,4
ARENAS,4
GRANDJEAN,4
Galtier,4
GUYEN,4
GROUARD,4
ARLABOSSE,4
ESPINOSA,4
GUERET,4
Dujols,4
ARNOULD,4
Barles,4
ROS,4
GUIHARD,4
Gaillard,4
Barnaud,4
gagnoux,4
robo,4
Gatel,4
BERTELOODT,4
RIGAUD,4
BERTHIER,4
ROBACHE,4
AUGEY,4
ROBIN,4
Gicquel,4
Girard,4
Weil,4
Goujon,4
RIETMANN,4
RIGAL,4
rossi,4
RENAUD,4
TOULLEC,4
Guillotin,4
Guillou,4
WILLIAM,4
jeandon,4
VALLS,4
RAVIGNON,4
AUGIS,4
HAKNI-ROBIN,4
amselem,4
RAGE,4
DELAPORTE,4
DELATTRE,4
HEROUIN LEAUTEY,4
Bertin,4
HIDRI,4
HINGRAY,4
jardé,4
HORNBECK,4
HOARAU,4
DORGUEILLE,4
DI CARO,4
Alexandre,4
SOMBSTHAY,4
Portes,4
Barnier,4
Provost,4
Delaporte,4
HURMIC,4
Darmanin,4
Hamida,4
ISIDORE,4
Werner,4
Hingrez-Céréda,4
Hoareau,4
IMBS,4
Amrane,4
Anceau,4
Philipps,4
CAPO-CANELLAS,4
JEAN-LOUIS,4
TANGUY,4
Pellevat,4
Petit,4
JORDAN,4
JOSENDE,4
JOSEPH,4
revillon,4
JOLY,4
Joissains,4
reynaud,4
DENOUES,4
KEITA,4
pustorino,4
Juven,4
SOURISSEAU,4
PUEYO,4
PRIOLLAUD,4
KERNEIS,4
PONCHON,4
DE MONTGOLFIER,4
PORTE,4
SORET,4
L'Hour,4
LABADENS,4
POUPINEAU,4
LAFON,4
Durovray,4
LACROUTE,4
COQUELIN,4
CORBIERE,4
LAGRAVE,4
POISSON,4
BLANCHÉ,4
POMERET,4
Cristiani,4
BLATRIX CONTAT,4
PITON,4
chalopin,4
LATTES,4
picard,4
Arminjon,4
LAVIOLETTE,4
CORDIER,4
Bouty,4
Boux,4
BRANCOUR,4
albertini,4
BOUAD,4
PFEFFER,4
condomitti,4
DESROSES,4
LE DORVEN,4
PIANETTI,4
BOUARD,4
Armanet,4
Cuillandre,4
VON EUW,4
LECOCQ,4
Charlet,4
Borie,4
LEFRAND,4
BACHARD,4
Barraud,4
bedreddine,4
Boudy,4
LEVADE,4
TREMEGE,4
Bosetti,4
BABOUHOT,4
LUTZ,4
LOQUET,4
LOISIER,4
PASCREAU,4
LOTTE,4
LOUAP,4
dissaux,4
PATRICE,4
PAOLI,4
DEPAQUY,4
Chassaubéné,4
LUCAS,4
OLIVIER,4
Ouzilleau,4
Olive,4
Nordman,4
Lavenka,4
DERVILLE,4
OLIVE,4
Le Foll,4
BEAUDON,4
EME,4
Leroy,4
depallens,4
Baert,4
Lengereau,4
de OLIVEIRA,4
Nebbula,4
ESTROSI,4
morel,4
apparu,4
Lhardit,4
mignola,4
Luciano,4
CAROLO LUTROT,4
Cassaro,4
Luya,4
NICOLIN,4
M'DOIHOMA,4
NARDIN,4
Semler-Collery,4
barsacq,4
DARDELET,4
Murgia,4
MARECHAL,4
MARAULT,4
MARCHAND,4
BAPTISTE,4
MARSEILLE,4
gomont,4
beauchamps,4
Montaugé,4
MASSON,4
MATHIEU,4
BELLO,4
Moncond'huy,4
MAUGUIEN-SICARD,4
Chereau,4
MONIER,4
BRIOIS,4
Boussard,4
MILON,4
MICHAUD,4
Bourcier,4
MESQUIDA,4
Michel,4
Schlesinger,4
Mayer-Rossignol,4
DEGUERRY,4
Sillani,4
MINUTIELLO,4
Maillard,4
CARROZ,4
ETCHEGARAY,4
mejri,4
MORENO,4
MOTTE,4
MOUILLER,4
melki,4
MORIN-DESAILLY,4
Chabane,4
COURTES,4
VERGRIETE,4
BATAILLE,4
MUNCK,4
BONNEFONT,4
DUVAL,4
CASIMIRIUS,4
COURTIAL,4
BORRE,4
AMIOT,4
stassinos,4
testard,4
vigneau,4
Markowsky,4
peysselon,3
Eudier,3
Bazinet,3
Bertu,3
tomaselli,3
Beaujaneau,3
Chouit,3
SELLY,3
SEMERIL,3
SENANT,3
SENE,3
tabutin,3
SCHMITT,3
SCHUH,3
SEGUIN,3
ATTARI,3
SCOLAN,3
Bax de Keating,3
Dombre Coste,3
Beauchef,3
Daniel,3
de FLEURIAN,3
SEGRETAIN,3
varaillas,3
vasselin,3
FASQUELLE,3
Thomas,3
CLAVERIE,3
vieu,3
FICHERE,3
vachon,3
FOUILLET,3
Suau,3
SCHAAL,3
cridel zirovnik,3
Duprey,3
FORESTIER,3
SAMSOEN,3
SALLABERRY,3
SALMON,3
Coppey,3
SAUVADE,3
SANQUER,3
SANTINI,3
SAMIN épse HOMAI,3
FOURGOUS,3
roux,3
SAULES-LE BARS,3
FRANCO,3
WOLFF,3
SACCANI,3
savoldelli,3
SADI,3
Fargeot,3
Fabre,3
schillinger,3
Faucheux,3
Donati,3
AROSTEGUY,3
de Carville,3
Focks,3
ARRIVE,3
Thibault,3
Fontaine,3
ANNETTE,3
Fouillère,3
ANTOINE,3
AUBIN,3
Bercault,3
ASSEH,3
Berdoati,3
roullet,3
Bergé,3
ripert,3
DUBOSC,3
Cotterlaz-Rannard,3
AUGER,3
rolland,3
rossignol,3
GABORIT,3
GACHET,3
Fromentin,3
GERBAUD,3
GENOLHER,3
GENRE,3
GENTIL,3
Vignot,3
GALLARD,3
GANOZZI,3
GARAY,3
AZEROT,3
GAYMARD,3
Venturini,3
GAUDET,3
GAUDUCHEAU,3
AZZAZ,3
Vercamer,3
GAUMET,3
AUZEMERY,3
Bertagnoli,3
Berthet Cottarel,3
Reynaud,3
saint martin,3
Bianco,3
Aigoin,3
AVIAS,3
Richefou,3
Bidard,3
Ricou,3
Rival,3
Allam,3
Dauge,3
GAZEL,3
Rassaert,3
Aubin,3
Raynaud,3
Aubin-Sicard,3
Aubourdy,3
DES ESGAULX DE NOLET,3
Bill,3
Billet,3
Vincent,3
GIRONCEL,3
Viola,3
GONINET,3
GODET,3
DENIAUD,3
GODINEAU,3
GOFFARD,3
RURUA,3
Rabadan,3
ROUX VIALE,3
Amar,3
CONCAS,3
Bilirit,3
pechenard,3
dallemagne,3
RUNEL,3
Duval,3
GRAPPIN,3
THURIOT,3
GRAND,3
Couvy,3
GREGOIRE,3
GREMILLET,3
GRENIER,3
cherriere,3
Annick,3
Galy,3
Appere,3
DUFOUR,3
GRIGNON,3
GROS,3
portet,3
Aubry,3
Cruypenninck,3
chibli,3
BARREILLE,3
Danis,3
ROSSIGNOL,3
ROTOLO,3
ROUGE,3
GUERRIAU,3
ROMERO-MICHEL,3
RONCIERE,3
BAREIGTS,3
DESEILLE,3
GUILLEM,3
Gadille,3
Gagliolo,3
Cujives,3
Garcia,3
CORNEILLE,3
DUGOURD,3
BADIN,3
BADUFLE-DOUCHEZ,3
RODINGER,3
Gautier de Breuvand,3
BAGNERIS,3
BACCI,3
BAILLEUL,3
Valtat,3
Vacher,3
COURDIL,3
SERAPHIN,3
Giran,3
BAYLE,3
Girardot Moitié,3
Giraud,3
Gibert,3
Gonzalvez,3
TEMARU,3
Guitton,3
Guyader,3
Guigue,3
BAZILLE,3
Grellier,3
Gricourt,3
Grass,3
RINGUET,3
RIO,3
RIOTTE,3
RICHARD,3
BAZIN,3
TENENBAUM,3
HAZOUARD,3
COSCAS,3
REMY,3
COSTA-FESENBECK,3
Guarino,3
DAMAS,3
Guilloteau,3
castiglione,3
Sabarot,3
Guignard,3
nouhaud,3
RAIMBAULT,3
cavanna,3
RAULT,3
canales,3
BANQUET,3
Guyon,3
Guyot,3
RAYMOND,3
RAYNAUD,3
Theurier,3
Theveniau,3
RAGUENEAU née OBRY,3
Quéro,3
mandement,3
RABEH,3
RACHLINE,3
QUILLIEN,3
HERAUD,3
Cassan,3
Campy,3
HERBILLON,3
HERE,3
BELOU,3
TECHER,3
Bournat,3
mercier,3
Canette,3
HIRAUX,3
malavielle,3
Hanotin,3
Hartmann,3
HUCHET,3
DEVALLEE,3
Cardon,3
Teillet,3
borie,3
Quilici,3
HUCHON,3
HUGUES,3
michel,3
Pozmentier,3
BAUDRY,3
bouchez,3
BASTIER,3
brun,3
burkhalter,3
Pouzadoux,3
loher,3
lombard,3
lejeune,3
Haddad,3
Henry,3
brigand,3
Ingall-Montagnier,3
IMBERT,3
TURAN,3
BEDAT,3
louault,3
Hottinger,3
Houssin,3
Hugonet,3
Pigné,3
Pintat,3
Poiret,3
COUTHERUT,3
Hénocque,3
IANNICELLI,3
Ittelet,3
JOUBERT,3
STRAUMANN,3
TRYZNA,3
JEANDEL-JEANPIERRE,3
JACQUEMET,3
COZ ELLEOUET,3
Pierre,3
Bréaud,3
BECHT,3
BEN MOKHTAR,3
Pellerin,3
BELLAIS,3
DEWIT VAN STYVENDAEL,3
Pezzetta,3
Pfeiffer,3
bonnet,3
Sautarel,3
BEYAERT,3
JOURDAIN,3
BIANCHI,3
JIMENEZ,3
BIASOTTO,3
Papadopulo,3
Pahun,3
CROCQ,3
BENOIT-GOLA,3
zerkani,3
BENSALEM OULD AMARA,3
Pelanne,3
Jombart,3
Joyandet,3
Juhel,3
Taite,3
bernardi,3
Salmon,3
Panetta,3
BERNO DOS SANTOS,3
PROFIL,3
KLEIN,3
bleunven,3
BERGERI,3
Kada,3
KLOTZ,3
BERNADETTE,3
VIALATTE,3
PONTALBA,3
lecomte,3
bonhomme,3
BERNARDINI,3
LABORDE,3
VERRI,3
DAYOT,3
Kervaon,3
Bédier,3
LACOMBE,3
LABBE,3
VERSTRAETE,3
DARY,3
LACOSTE,3
LACROIX,3
Buillard,3
SOULET,3
CALABRESE,3
BERTAUD,3
POIRIER,3
DHERSIN,3
POITEVIN,3
POLAT,3
CADIC,3
VEZAT-BARONIA,3
POINTEREAU,3
CAMMAL,3
PIN,3
PIQUET,3
CAMPELLO,3
PLISSONNEAU,3
PLOUVIER,3
BERTHOUD,3
LARCHER,3
LAMARRE,3
LAROCHE,3
LASSARADE,3
VIAL,3
LAPPARTIENT,3
LATOUR,3
CATHALA,3
LE BORGNE,3
joly,3
Cabri,3
VILA,3
imbert,3
PIERRE,3
CAPITANIO,3
PILET,3
BIENVENU,3
PETIT-LASSAY,3
VILLECOURT,3
PERROT,3
BIHL,3
VINCENT,3
CANNAT,3
khalifé,3
LE LAN,3
LE LAY-FELZINE,3
BITZ,3
BIr,3
PIA,3
SUCK,3
LE GRAND,3
SOULIER,3
LEONIE,3
labarthe,3
LEPETIT,3
LECORNU,3
LECOUFLE,3
CARADEC,3
Callet,3
BLOCHE,3
PERSILLARD,3
Calvat,3
BOUBA,3
SUGUENOT,3
becue,3
PELLICANO,3
LIGOT,3
LIMOUZIN,3
PERINI,3
PERNOT,3
PERDRIAU,3
PEREIRA-NUNES,3
PEREZ,3
PERRAUD,3
BOHIN,3
LEMAIRE,3
LEMAZURIER,3
LEMOINE,3
LEMOYNE,3
STANZIONE,3
Dionis du Séjour,3
PELAIN,3
PELIEU,3
LETRILLART,3
LETURQUE,3
Soulard,3
BONHOMME,3
LIPSOS-SALLENAVE,3
beck,3
LEVY,3
Chappaz,3
LURTON,3
BOLO,3
Labadie,3
Charafe,3
DELOGU,3
DELPECH,3
LOSBAR,3
Cauwel,3
grelaud,3
genet,3
LOPEZ,3
Cayeux,3
PAUL,3
PANAMBALOM,3
CARLES,3
PAPAYA,3
LOUWAGIE,3
LOWINSKY,3
CARTIER,3
PARENT,3
BOUCHET,3
PARRAIN,3
Cauchetier,3
LOUIS,3
LOUVRIER,3
OZENNE,3
DUPUIS,3
SOLER,3
Ouzoulias,3
BRESSON,3
Ollier,3
Lake,3
Lambert-Motte,3
Ladegaillerie,3
Lahiani,3
Laurent,3
BRAUD,3
Ngatcha,3
DOLL,3
BOUJLILAT,3
CHATARD,3
Deshayes,3
OMARJEE,3
OSMOND,3
Leblanc,3
Leboeuf,3
BOUCHONNET,3
PULVAR,3
Chaize,3
Lei,3
Lecerf,3
Lechat,3
Leprêtre,3
Cavecchi,3
DEKENS,3
Lejeune,3
DRAPRON,3
Lemoine,3
DREXLER,3
DREYSSE,3
TROCHIMARA,3
Lepretre,3
gauthier,3
NIRLO,3
Clain,3
NISON,3
fond,3
CHAGNAT,3
Limousin,3
VANDENDRIESSCHE,3
VANDERBISE,3
fontaine,3
Longo,3
VARIERAS,3
Lungenstrass,3
STEFFEN,3
Léger,3
Louchaert,3
TOMEO,3
Lévrier,3
ZINGRAFF,3
BOUYAC,3
Muzeau,3
Méary,3
gabrieli,3
BRAULT,3
MAGNE,3
MAHALI,3
MAHE,3
MADELIN,3
TONG SANG,3
MANUBY,3
Muller,3
TEMAL,3
MARCOT,3
allizard,3
dousset,3
Dufau,3
MARIDET,3
MARCHET,3
MASBOU,3
ZOURGUI,3
Chalus,3
TRANCHECOSTE,3
MELLERAY,3
MASCARO,3
MARTINELLI,3
BRIERE,3
MARTINS,3
dufour,3
duhem,3
MATEILLE,3
ZIELINSKI,3
Morel,3
Monnet,3
Mohamed Soilihi,3
Moisy de Cala,3
Minard,3
Miquelly,3
Miranville,3
dumoulin,3
Chantrel,3
Mongaburu,3
MAZY,3
BRIQUET,3
MELLOULI,3
BRISTOL,3
MELCHIOR,3
Senée,3
MONNIER,3
Trupin,3
MERILLOU,3
MERLE,3
abreu goncalves,3
Turbatte,3
MICHAU,3
CHARTIER,3
TORTRAT,3
MESLOT,3
BUFFET,3
BUGIS,3
Michelet,3
Watrin,3
Menhaouara,3
Baubry,3
Mazaury,3
Mebarek,3
Messina,3
MIRAVETE,3
MISSIOUX,3
BUIS,3
Meura,3
BULTEAU RAMBAUD,3
TEAGAI,3
Dromain,3
SMOCK,3
MORANCHO CROQUETTE,3
BUVAL,3
MORIZIO,3
MORTON,3
Wieder,3
UTHURRY,3
Medevielle,3
Mellier,3
VADOT,3
deniziot,3
Bail,3
TOUSSAY,3
Masquelier,3
de bazelaire,3
Marti,3
DURIN,3
de Montchalin,3
Mathon,3
Baptiste,3
MULLER-BRONN,3
CHEMLA,3
DELHAYE,3
Maurel,3
Maciejasz,3
MOUTON,3
MULLER,3
Bariseau,3
Baudon-Brulé,3
DELL AGNOLA,3
DELMARES,3
AMARGER-BRAJON,3
DELMOTTE,3
TRAVAL,3
ANDRO,3
ANGLARD,3
ANGLARS,3
tarleve,3
SILVANI,3
somon,3
soulier,3
vignal,3
EVRARD,3
villain,3
villemain,3
verdier,3
Marchand,3
Marie,3
Malric,3
Mangrolia,3
Marini,3
Esanou,3
Loas,3
WOYNAROSKI,2
Wallart,2
CLICQ,2
CLÉMENT,2
CLAUDE,2
Vigier,2
Vigneron,2
Verdier,2
Verien,2
COINTAT,2
Vigouroux,2
Villedieu,2
Violland,2
CONAN,2
CONCONNE,2
COLLART,2
COLOM,2
COLOMBANI,2
COLOMBIER,2
COHEN,2
COPPOLA,2
COQUELET,2
CORBIERE-FAUVEL,2
CORBISEZ,2
COMBELLE,2
Vaginay,2
Valerie,2
VOITURIEZ,2
VOLPATO,2
VON-PINE,2
VIROULAUD,2
CORMIER épse ANDRE,2
CORNELOUP,2
CORREIA,2
Vallverdu,2
COURBON,2
COTTEL,2
COULOMBEL,2
COULOMME,2
COSSON,2
Vermot,2
Valéro,2
Vanlerenberghe,2
Vannson,2
Vauzelle,2
COULONG,2
COUPEZ,2
Carreric,2
Camus,2
Caralp,2
CRAMOISAN,2
CRAUSTE,2
COURTEILLE,2
COURTOIS,2
COUVREUR,2
CUENOT - STALDER,2
CREFF,2
CRESSON,2
CREUSOT,2
CRIGHTON,2
COWAN,2
COZIC,2
VIRY,2
VITOUX,2
VIVÈS,2
CROIZIER,2
CROMBECQUE,2
CROSS,2
VERNY,2
VERRIER,2
VERSINI,2
VESSILLER,2
VIELLE,2
VIENNE,2
VIGIER,2
VIGNAUD,2
VEYRIRAS,2
VILAIN,2
VICOT,2
Carlotti,2
Cadalen,2
Calippe,2
Calueba,2
CURTAUD,2
Charret-Godard,2
Charreton,2
Charton,2
Charville,2
Chapuis,2
Caure,2
Causse,2
Castelain,2
Casterman,2
Chenu,2
Cazabonne,2
Cazeneuve,2
Centon,2
Cervantes,2
Cathelain,2
VETILLART,2
Chabolle,2
Chabriat,2
Chabrier,2
Chabrillat,2
Chaibi,2
VANAA,2
Clouet,2
Coail,2
Cochard,2
Coent,2
Colas,2
Chéreau,2
VENTHOU-DUMAINE,2
VARAUT,2
VASSET,2
VALORGE,2
VERMEILLET,2
VERMOREL,2
VERNAY,2
VAUTRIN,2
VAYSSOUZE-FAURE,2
VEAU,2
VELOU,2
VENDEGOU,2
Challande Névoret,2
Chan,2
Chaplin,2
Trouvé,2
Turquois,2
UGO,2
Torloting,2
Tournier,2
VALLI,2
VALLOIS ROUET,2
VALLON,2
USSEL,2
Uzenat,2
VAILLANT,2
Christophle,2
Chrétien,2
Cheval,2
Chevandier,2
Chevillard,2
Chevreux,2
VALLAUD,2
Clavet,2
Clergeau,2
Cholley,2
Choplin,2
Chorain,2
Christine,2
Thierry,2
Thionnet,2
Thiébaut,2
Ternant,2
Terrier,2
Testas,2
Conway-Mouret,2
Tinland,2
Tisné-Versailles,2
Tomic,2
Thieriot,2
Corzani,2
Cordier,2
Cormand,2
Cormier-Bouligeon,2
Colin Oesterlé,2
Toussaint,2
Trebuchet,2
Cottigny,2
Courseaux,2
Cornu,2
Cuzin,2
Crnkovic,2
Cruveiller,2
D'INTORNI,2
DA CONCEICAO CARVALHO,2
Cukierman,2
Cuny,2
Curvale,2
Cuvelier,2
Tenneroni,2
DALIN,2
DALLIER,2
DAMOUR,2
DARDENNE,2
D'IMPERIO,2
Tavel,2
Taverne,2
Tavernier,2
Teillac,2
Temel,2
TURREL,2
TUTUGORO,2
TUYERAS,2
Tahri,2
TROUSSELLE,2
TUAHU,2
DARPHIN,2
DARRAS,2
Taibi,2
Taillé Polian,2
Tainguy,2
Taupiac,2
Taurisson,2
DAUCHY,2
DAUDET,2
DAUSSAN-WEIZMAN,2
DARNET MALAQUIN,2
DE CANSON,2
DE CARLI,2
DE CARVALHO,2
DE GIRARDI,2
DAVIET,2
DAVIN,2
DEMOCRITE,2
DEMOUGE,2
DEMUYNCK,2
DENDIEVEL,2
DELPUECH,2
DELPY,2
DEGOS,2
DEBAT,2
DEBOURG,2
DECHAMPS,2
DELAUNAY,2
DELAUTRETTE,2
DELBAR,2
DEJOIE,2
DEL GENINI,2
DEDIES,2
DEFEMME,2
TRIMAILLE,2
DELALIN,2
DELANNOY,2
TOE,2
TONNER,2
TONOT,2
TONUSSI,2
DESMET,2
DESMOULIN,2
TRAUTMANN,2
TORDEUX,2
TOUCAS,2
TOUDIC,2
TISSOT,2
TRAVERT,2
TRAVERT LE ROUX,2
TRE-HARDY,2
TREGUER,2
TRAHAND,2
DEMBLON-POLLET,2
THIEN AH KOON,2
TEVAITAU ep VAIANUI,2
TEYSSEDRE,2
THEOPHILE,2
DI MARTINO,2
DICK,2
DIDRY,2
TIATOA,2
THILLAYE,2
THOMIN,2
THOMINES,2
THOMINET,2
THEVENOT,2
THIEBAULT,2
DENIEUL,2
DENOUVION,2
THORY,2
DESQUESNE,2
DESBROSSE,2
DESEYNE,2
DEPAIX,2
TEQUI,2
TERAIARUE,2
TEREMATE,2
TERIITAHI,2
DEVAUTOUR,2
TERLIER,2
TERRAIL NOVES,2
TESSON,2
TETUA,2
DEVEZE,2
DEVINAZ,2
DEWAELE,2
DEYE,2
DESSIGNY,2
DESTRUHAUT,2
DESVERONNIERES,2
DILIGENT,2
DHAMY,2
DI FILIPPO,2
DI FOLCO,2
DI GIOVANNI,2
DINDAR,2
DIOUARA,2
DIRX,2
DIXNEUF,2
DULIEGE,2
DUMON,2
DOUARD,2
DOUSTE,2
DOBBELS,2
DODET,2
DOMINICI,2
DOZANCE,2
DROINEAU,2
DROMIGNY,2
DORTE,2
TELLE,2
TAURINYA,2
TAVEL,2
TCHOBDRENOVITCH,2
DOVERGNE,2
Staniec-Wavrant,2
Stanislas,2
Stern,2
Stoeckle,2
DURIMEL,2
DURIX,2
DUTIN,2
TABOURET,2
TACHE DE LA PAGERIE,2
Szczepaniak,2
Szpiner,2
Stambach-Terrenoir,2
DUBESSY,2
TAISNE,2
TAPATI,2
Sémavoine,2
DUFRAISSE,2
DUCOUT,2
DUCRET,2
DUFAU,2
DU BUIT,2
Soujol,2
Simonet,2
Simonnet,2
Smith,2
Solans,2
Serret,2
Souverain,2
Souyris,2
Spahn,2
Sorre,2
Sother,2
Soto,2
Soudais,2
Souid,2
DUPLOMB,2
DUPORGE,2
DUMONTIER,2
DUNAND,2
Soulignac,2
Soultani-Vigneron,2
DUQUESNE,2
DUQUESNOY,2
DURANDE,2
DURANTON,2
DUPLESSY,2
Denormandie,2
Descoeur,2
Dellac,2
Deloge,2
Delord,2
Delpeuch,2
Delpeyrat-Vincent,2
Delrieux,2
Damy,2
Demazure,2
Denis,2
Daubet,2
Daubié,2
Dauré,2
Davi,2
Dantec,2
Darkaoui Allaoui,2
Sido,2
Simian,2
De Beule,2
Dechy,2
Sauvier,2
Samat,2
Sanchez,2
Sanguinetti,2
Sansu,2
Dossang,2
Septiers,2
Savelli,2
Savry,2
Schellenberger,2
Schieven,2
Sas,2
Saulignac,2
Delage,2
Sciamanna,2
Selleron,2
Seo,2
Delahaye,2
Delannoy,2
Delcros,2
Delesalle,2
Defranoux,2
SURLE-GIRIEUD,2
SUSZYLO,2
SZCZUREK,2
SUAUD,2
Devaux,2
Saint-Pasteur,2
Saint-Pé,2
Saintoul,2
Salami-Dadkhah,2
SUEUR,2
Didier,2
Disdier,2
Dissaux,2
Desliens,2
Desprez,2
Detavernier,2
Dostes,2
Doublet,2
Dragon,2
Donath,2
Dosen,2
Diaz,2
Dubré-Chirat,2
EGAULT,2
EIDELSTEIN,2
EL HADDAD,2
EL HAFIDHI,2
EL HASSOUNI,2
Délia,2
Dumay,2
Duby-Muller,2
Ducoin,2
Dudebout,2
Dubost,2
Dupont,2
Durain,2
Dufosset,2
Dufour,2
Dugoin-Clément,2
Dugua,2
SPET,2
SPORMEYEUR,2
STEFANINI,2
STEPHO,2
STOECKLIN,2
SOHLER,2
SOL,2
SIMION,2
SIMONIN,2
SIMONNET,2
SIMÉON,2
SOLLOGOUB,2
SOMEN,2
SORRE,2
SOTTIL,2
SMATI,2
Durox,2
Durquéty,2
Dussausaye,2
SOULABAILLE,2
SPAGNOU,2
Dézalos,2
ECHEVERRIA,2
Dutremble,2
Duvaudier,2
Duverger,2
SIMIAN,2
SERVILLE,2
SHIRO ABE PEU,2
SICARD,2
SIFFREDI,2
Cuypers,2
SEROUX,2
SERPILLON,2
zanardo,2
ABELLI,2
ENGRAND,2
EPINAT,2
ERBS,2
SIGOT-LEMOINE,2
ABINAL,2
SILVESTRI,2
yon,2
woerth,2
EUSTACHE BRINIO,2
ERRANTE,2
ESCOJIDO,2
ESCOTS,2
ESCURE,2
ESNAULT,2
SINEAU-PATRY,2
SITOUZE,2
ABRINAS,2
Eblé,2
Echaniz,2
El Aaraje,2
tramier,2
ESTROSI-SASSONE,2
Erodi,2
travers,2
Escoulan,2
teyssedou,2
thien,2
FESNEAU,2
FERET,2
FERET épouse EL ADNANI,2
FACQUE,2
FAIT,2
Eskenazi,2
Etevenard,2
tjibaou,2
Evrard,2
Evren,2
Engrand,2
suard,2
FALLET,2
taché,2
FARGETAS,2
Eychenne,2
Eymeoud,2
vallet,2
FABREGOUL,2
vermillet,2
SERRUS,2
AHMED-VALI,2
AILLERIE épouse HAMARD,2
SEMACHE,2
ADAME,2
ADLANI,2
ADRIEN,2
SECHET,2
SECRESTAT,2
ABADIE,2
SCHMIT,2
ALLEGRET-PILOT,2
SCHMITTER,2
SCHRECK,2
AKPINAR-ISTIQUAM,2
SEGUI,2
ALAIN,2
ALDEBERT,2
SEIGNÉ,2
AGNERAY,2
SCUOTTO,2
SEBAIHI,2
AGOBIAN,2
valleton,2
ALEXANDER,2
ALEXANDRE,2
FAUVEL,2
FAVENNEC,2
vialelle,2
SEGAUD LABIDI,2
vidau,2
FERON,2
FERRAND,2
valente le hir,2
FAZI,2
FELD,2
AFFILE,2
FERAUD,2
sardeing,2
FICHET,2
FIEVET,2
FIGOUREUX,2
FILHOL,2
FRIGOUT,2
sargiacomo,2
FROGER,2
saint-paul,2
FLORI DUTOUR,2
FINCK,2
sallé,2
FISCHER PATRIAT,2
FITA,2
FITER,2
FIALAIRE,2
sandragne,2
FOUCHE,2
rudisuhli,2
seguin,2
simeoni,2
FLORCZAK,2
FLORENNES,2
FLORES,2
FLORES EPOUSE LE GAYIC,2
SAVATON,2
SAVIN,2
SAVOUREY,2
simon,2
santelli,2
santiago,2
ARRIGHI,2
FORTUNE,2
ARTIGNY,2
SANCHEZ,2
SALIBER,2
ARTIGUES,2
SALLES BARBOSA,2
ARZAL,2
ASSIH,2
Faye,2
SAURY,2
ARNAULT,2
SAUVADET,2
roumegas,2
SANTAIS,2
rousseau,2
SANTONI,2
risser,2
FOUQUART,2
roiron,2
AUDOUY,2
FOURQUET,2
SATOURI,2
rosso,2
SAULNIER,2
SAULNIER ARRIGHI,2
FRASSETTO,2
FRECHET,2
FREY,2
FRICOTEAUX,2
FRICOUT,2
AZOUG,2
Abelin,2
FRANCOIS-DAINVILLE,2
RÉBÉROT,2
SABATINI,2
SABRI,2
AUGIER,2
AVENA,2
rusin,2
Ruelle,2
Ruffin,2
SAINT-JULIEN,2
SALEL,2
SADOURNY GOMEZ,2
SAEIDI,2
SAGET,2
SAGNIEZ,2
SAID,2
SAID ANZUM,2
Fagnen,2
Falcon,2
Abomangoli,2
Farreng,2
FROUSTEY,2
FUCHS,2
FURET,2
Adam,2
Fayolle,2
Feltz,2
Ferde,2
Fereira,2
Aguiton,2
AVIRAGNET,2
Alfandari,2
Favre d'Anne,2
Allemand,2
GAGNEUR,2
GAILLARD,2
GALENON,2
Aubey,2
Fuselier,2
Félix,2
GABARRON,2
Flohic,2
Flores,2
Alloncius,2
Alloncle,2
Fernandes,2
Allosia,2
Ferreira,2
Firmin Le Bodo,2
Allouch,2
Alphonse,2
Forissier,2
Fornies,2
Foucher-Maupetit,2
Fleuret,2
Fleuret-Pagnoux,2
Flochon,2
Rutkowski,2
Fouché,2
Albertini,2
Fournier,2
Albouy,2
Fourreau,2
Fouré,2
Foutry,2
Alemany,2
Roques,2
Roquette,2
ravier,2
Amard,2
Amirshahi,2
Robert-Dehault,2
Alleno,2
raynaud,2
reichardt,2
Rouaux,2
Rougier,2
Rougé,2
richir,2
Roger Seppi,2
princay,2
pédehontaa,2
Fraise,2
Françoise,2
Frassa,2
Fremiot,2
Rouquier dite Lorca,2
payan,2
pericard,2
perrin,2
peters,2
GACHON,2
Freyburger,2
Frioux,2
Fritsch-Renard,2
Froment-Meurice,2
petiot,2
pano,2
GERIN,2
GERNEZ,2
GERNIGON,2
panosyan-bouvet,2
GENOVESIO,2
potier,2
pottier,2
poux,2
philippon,2
GALLES,2
GALLO,2
pic,2
pinville,2
GARBUTT - HAREHOE,2
Aoudjehane,2
Appéré,2
Ardouin,2
GAUCHER,2
plantade,2
GAUDIN,2
Arnault,2
Asensi,2
GARRON,2
Assaf,2
Robinson Behre,2
Rodes,2
Arfeuille,2
Arini,2
Ariztegui,2
GAUTRAIS,2
Auzou,2
Reydy,2
Ayache,2
BARREAU,2
Rialland,2
BASTIANI,2
GIOVANNANGELI,2
BARIL,2
GIRARD-RAFFIN,2
BACHÉ,2
Rimane,2
Rimbert,2
Riom,2
BADERI,2
Aufort,2
Augey,2
Riester,2
GEFFROY,2
GEHANT,2
Rist,2
Auslender,2
Rivenq,2
Autain,2
Rixain,2
Riffaud,2
GEORGET,2
GELY,2
GENEVARD,2
GENIS,2
GENNARO,2
Auzanot,2
BAGNON,2
GBIORCZYK,2
BABAUT,2
Rauch,2
pantel,2
patouret,2
BAILLY,2
BAKHTIARI MOGHADDAM,2
BALCON,2
BALDECCHI,2
BEAUDREY,2
GHEZALI,2
GHOZELANE,2
Rechagneux,2
Renaud Garabedian,2
Revol,2
Rey,2
Rapinel,2
GIBERTI,2
GIBOTTEAU,2
BEAUME,2
GIDOIN,2
GILLE,2
GEROS,2
GERVAIS,2
GEST,2
GIRAUD,2
GIRAULT,2
BAYLET,2
GILLES,2
GILLET,2
GINESTET,2
GINESY,2
GIBERT,2
BEARUNE,2
GLEYZE,2
GLIBERT,2
GLUCK,2
GOBALOU ERAMBRANPOULLE,2
GREAUME,2
GREAUX,2
GREFFET,2
morisse,2
GOBLET,2
nabenesa,2
naegelen,2
moreau,2
BEAU,2
GOGUE,2
GIVERNET,2
GONZALES,2
GONZALEZ,2
GONZATO ROQUES,2
GORDAT,2
GORIOUX,2
GOKEL,2
GOMART,2
GONIER,2
Ranc,2
Rancoule,2
Ranquet,2
Rapenne,2
BAMANA,2
BAMCOLO,2
Ramaye,2
Rambaud,2
nury,2
ROUZIES,2
olivier,2
ROUGERIE,2
ozenne,2
narducci,2
nassah,2
BARO,2
GOURLAN,2
ROYER,2
ROYOUX,2
RUCHETON,2
RUMEAU,2
BARBARIN,2
ROUTIER,2
BARBAUX,2
BALLAND,2
BALLESIO,2
GOYARD GUDEFIN,2
mandelli,2
GOT,2
GOUET,2
manoa,2
GOULET de RUGY,2
BELLIARD,2
BELLINI,2
BELTZUNG,2
GRENON,2
menache,2
GRANET BRUNELLO,2
GRANGIER,2
GRANIER,2
GROSVALET,2
Gairaud,2
Galliard-Minier,2
marolleau,2
Galut,2
martin,2
mazet,2
GUYON,2
malaterre,2
GRUDLER,2
GRUET,2
GRZEZICZAK,2
malhuret,2
GRIMA,2
BAUDOUX,2
GROSDIDIER,2
mesnil,2
GUHL,2
metzdorf,2
GUELLEC,2
GUELPA-BONARO,2
meziane,2
mebarek,2
GUEROULT,2
BAUMEL,2
BAVIERE,2
BATHO,2
ROTH,2
BATTAGLIA,2
ROTSEN,2
leonetti,2
leriche,2
ROME,2
ROMELLE,2
ROMERO GAYO,2
lermytte,2
ROMET,2
ROMMEL,2
ROGEBOZ,2
ROGER-MOIGNEU,2
GUILLEMIN,2
GUILLON,2
luberriaga,2
RONZIERE,2
ROQUE,2
lucas,2
ROSEREN,2
ROMANO,2
GUIOUGOU,2
GUITTET,2
GUSTAVE,2
GUIGNARD,2
GUIGUE,2
mabire,2
GUILLAUMON,2
levesque,2
GUYOT,2
lherm,2
litaudon,2
BEDIER,2
GUILLOT,2
GUIMBERTEAU,2
GUINIOT,2
GUIOL,2
BEGORRE,2
Garino,2
BELAIR,2
Gloanec Maurin,2
Goasdoué,2
Gobert,2
Godichaud,2
Godinot,2
Gautier,2
Garot,2
Garrabe,2
Garraud,2
Gascon,2
Gasparini,2
Gassilloud,2
BELHADDAD,2
Gendraud,2
Genest,2
BEAUNOL,2
Gerard,2
Gatault,2
BEAURAIN,2
Gatuhau,2
Gaugain,2
ROHART,2
ROMAGNY,2
ROCHER,2
ROCHET,2
ROCHETTE,2
BEAUVARLET,2
RODRIGUES,2
BELIN,2
ROBINSON CHOCHO,2
ROBLOT,2
ROCHAIX,2
BELLANGER,2
RIVIERE,2
BELLAY,2
RIGOLLOT,2
RINGOT,2
Gervès,2
BEDEK,2
Gibelin,2
RIVRON,2
BETTATI,2
BEUCHON,2
BEX,2
ROBINSON,2
BESCHIZZA,2
Gil,2
Giletti,2
Gilles épouse Vassal,2
Gillé,2
Gerbaud,2
Germain,2
Germanangue,2
Goeury,2
Gomes,2
BESNIER,2
BEQ,2
BERARD,2
BENATRE,2
Giscard d'Estaing,2
BENCHELLOUG,2
BENEVENTI,2
Gosselin,2
BERNIER,2
Guiraud-Chaumeil,2
BERETTONI,2
Gumbs,2
BERGANTZ,2
BERGEROO,2
Gouffier Valente,2
Gouin,2
lechner,2
Gourney Leconte,2
Gouverneur,2
Gonnet Tabardel,2
Gontard,2
Gonzalez,2
Grelet-Certenais,2
Grelier,2
lefebvre,2
BERNARDINI CARRANO,2
Goy-Chavent,2
Gozi,2
Gras,2
BERNASCONI,2
lagier,2
lahmar,2
launay,2
RIOTTON,2
lauzzana,2
RICHIOUD,2
lavest,2
labrette menager,2
RENAULT,2
RECALDE,2
REDON-SARRAZY,2
REGNAULT de MONTGON,2
REGOL,2
REID ARBELOT,2
HAYE,2
lacombe,2
lafargue,2
RETAILLEAU,2
REVEL,2
REISS,2
lafay,2
RENARD,2
BERROUKECHE,2
RENAUDIN,2
Grousseau,2
Gruny,2
Grégoire,2
BERTAIL,2
REYNAL,2
REYNIER,2
RIAZE,2
lebreton,2
Guillemy,2
lecamp,2
lechanteux,2
lanzi bucero,2
Guibert,2
Guidoni,2
largeau,2
BESSAOU,2
RANDRIAN,2
RAPIN,2
RAPP,2
RAPPENEAU,2
RASTOUL,2
RATENON,2
BESSARD,2
RAINERI,2
RE,2
BERRAI,2
REBOUH,2
BERRIOS,2
RAUX,2
jarycki,2
jomier,2
RAVOT,2
HAMON,2
kaczmarek,2
homehr,2
HADIZADEH,2
BIDAUD,2
RAYNAL,2
BIDOT,2
RAYOT,2
HEDDADI,2
BIGUINE T,2
HARDY,2
HARRIBEY,2
HAULLER,2
HAITI,2
karam,2
HAMBLIN,2
keloua hachi,2
Quiévy,2
BIOULAC,2
BILDE,2
BILLOUDET,2
RABELLE,2
BILONGO,2
BLAIMONT,2
HENNO,2
HENRY,2
HEO,2
BLANCHARD,2
HERBET,2
RAFFALLI,2
RAFFIN,2
BLANCHET,2
HERZOG,2
BLAZY,2
BLOCH,2
BLUTEAU,2
HERMENIER,2
BOUCHARD,2
BOLZE,2
HELMER ZAMMIT,2
RAINVILLE,2
BOBET,2
BOCQUET,2
HIGNET,2
BOEUF,2
BLERIOT,2
BLIN,2
HERVIEU,2
HOCHART,2
HOCQUELET,2
HOFFSESS,2
HOI,2
BONET,2
BONNARD LE FLOC'H,2
Hayer,2
Hehn,2
BOISSEAU,2
HOMMET,2
BOLE,2
HORNY,2
HORY,2
BOLZAN,2
guere,2
HOCBON,2
HULAUD,2
HUMBERT,2
HUNAULT,2
HOULLEY,2
HOUOT,2
HOUPERT,2
HOURQUET,2
guerin,2
QUINTON,2
Quenette,2
Quernez,2
guilleminot,2
QUERRARD,2
guillemoteau,2
guillet,2
BOMMALAIS,2
Pouzyreff,2
BONENFANT,2
Pozzo di Borgo,2
grimpret,2
Portarrieu,2
gold,2
Portier,2
gosselin,2
Puissat,2
QUEIROS,2
Prioleaud,2
germain,2
BONNEFOY,2
Prunet,2
Poumirol,2
BONNICHON,2
Hallé,2
HUOT,2
HURELLE,2
BONSANG,2
HUSSON,2
HUVET,2
HYBERT,2
Haag,2
gourmand,2
Hamel,2
Hamelet,2
Hamen,2
grange,2
Habib,2
greffier,2
Hakem,2
Henriat,2
Henriet,2
BONY,2
BORD,2
Iliozer,2
Imart,2
BORDERIE,2
BORDES,2
Hervieu,2
BORGNE,2
Hervé,2
BONNEFOND,2
BORGOO,2
Heinrich,2
Heison,2
Helle,2
Hocquard,2
Hoerlé,2
Hoffman,2
Hogard,2
Hollande,2
Honorè,2
BORNE,2
Hentsch,2
Poulin,2
Houlié,2
Houlès,2
BOTIN,2
Houssin-Salvetat,2
Hubaud,2
BOUE,2
Huguet,2
Plez,2
Plissonnier,2
BOUGRAUD,2
Pilato,2
Pinet,2
Pinon,2
BREGEON,2
Philippe,2
Pochon,2
Poignonec,2
BRARD,2
Poniatowski,2
Piquemal,2
Piqué,2
Pla,2
Plazzi,2
IGNASZAK,2
Huwart,2
Huyghe,2
HÉDIN,2
HÉMAIN,2
Hégo,2
Hélion,2
Pluchet,2
BOURGEAUX,2
INEZARENE,2
IRLES,2
ISABELLE,2
BOULEVART,2
IACOVELLI,2
BOULOUX,2
IDRAC,2
Issa,2
BOUQUET,2
Ivol,2
JUGLARET,2
JUILLOT,2
JOSSERAND,2
JOSSO,2
BOUCLET,2
JACQUES,2
JACQUET-VIOLLEAU,2
JACQUIN,2
JALLAT,2
BOUDIER,2
Isaac-Sibille,2
Isinger,2
gelot rateau,2
BOUSSELMAME,2
JEANJEAN,2
JANDER,2
JARDIN,2
JARRASSIER,2
JABLONSKI,2
JACQUE,2
BOURAT,2
BOURGADE,2
Phélippeau,2
Picard,2
Piera,2
gery,2
giacomel,2
gargani,2
JEANBRUN,2
gaudy,2
Perrocheau,2
Petchot-Bacqué,2
Petex,2
gay,2
Pellerin-Carlin,2
Pelleteur,2
favennec,2
JIBRAYEL,2
fegne,2
Peu,2
Peyroulet,2
Peytavie,2
florquin,2
duvand,2
Peraldi,2
BRUNAUD-RHYN,2
BRUNDU,2
galland,2
JEANNE,2
JEANSANNETAS,2
JEANSON,2
JENFT,2
JESTIN,2
JOULIA,2
forestier,2
fortin,2
fouassin,2
JODAR,2
JOLIVET,2
JOLLIT,2
faucillon,2
Patrier-Leitus,2
Paumier,2
Panunzi,2
fauconnet,2
Papin,2
Parmentier,2
Paganin,2
BOUTES,2
JULIEN,2
JULIEN-EMMANUEL-LUREL,2
JULLEMIER,2
JUND,2
JUNG,2
Patient,2
Patoux,2
Patriat,2
BOUTLEUX,2
Jadot,2
BOUTON,2
BOUVET,2
JUSTOME,2
JUVIN,2
Jacob,2
JUIN,2
BOUVIER,2
Pedrini,2
gabelotaud,2
Pellefigue,2
Jean,2
Jean-François,2
Jeannenez,2
Jesson,2
Juliette,2
Jung,2
Juste,2
Jolly,2
BRAUX,2
Joncour,2
Joron,2
Jourdan,2
Jérémy,2
KANNER,2
KARAMANLI,2
KAROUTCHI,2
KASBARIAN,2
BOVIER,2
Juglard,2
BOYARD,2
Paccaud,2
KAUTAI,2
KBIDI,2
BRACCO,2
KERDRAON,2
BRACQUEMOND,2
Justinien,2
dogor,2
Paillocher,2
Pane,2
doriol,2
Panot,2
Pantel,2
dossemont,2
PUNUA,2
Pabritz,2
PRIVAT,2
PRIVAT MATTIONI,2
PROENCA,2
dubay,2
PREVOST,2
PRIDO,2
PRIMAS,2
POULLOT,2
KHIROUNI,2
KICHENIN,2
derrar,2
PROUST,2
PRUD'HOMME,2
PRUDHOMME,2
dhelias,2
BRIDOUX,2
dumas,2
diwuy,2
KOCH,2
KOHUMOETINI,2
KORCHEF-LAMBERT,2
KOSSOWSKI,2
BROWN,2
KHELFA,2
Jouve,2
Kalfon,2
Katzenmayer,2
Keller,2
KOUATHE,2
KSAZ,2
KUCHCINSKI,2
KUNTZ,2
POUEYTO,2
POULIQUEN,2
BRIGAND,2
PONS,2
PONS et HUGUET,2
BRISSON,2
POQUIN,2
PORCQ,2
BRETON,2
Klinger,2
Klinkert,2
Knafo,2
BRETTON,2
BRUSSAT,2
PORTIER,2
POTEAU,2
LABICH,2
BROCARD,2
LABORIE,2
Kouassi,2
BROSSET,2
BROSSIER,2
BROU,2
Kervran,2
BROUILLET,2
POURTIER,2
LABOUR,2
LACAPERE,2
BRUYEN,2
LABARTHE,2
BUCHERT,2
LABELLE,2
BUCHOU,2
Battail,2
Battistel,2
LACOSTE PALASSET,2
LACOUX,2
BUNLON,2
BUREAU,2
LAERNOES,2
BURGY,2
LAGNEAU,2
BRUTHE,2
BRUTUS,2
LAGUERRE,2
LAHELLEC,2
LAFFORE,2
LAFFORGUE,2
POIRAUD,2
Balage El Mariky,2
Balanant,2
LAHORE,2
LAIGNEL,2
LAKRAFI,2
LALUCQ,2
LAM,2
Balandraud,2
Baldy,2
POLIFONTE,2
BURON,2
POLSKI,2
BUTCHER,2
BUX,2
POINY TOPLAN,2
delaire,2
PILLEFER,2
PILOT,2
PIMPIE,2
delattre,2
PINHO,2
PIQUEMAL,2
demas,2
PLATRET,2
demois,2
de Pélichy,2
de Waziers,2
POIFOL-FERREIRA,2
PIRES BEAUNE,2
PIRON,2
de Lépinau,2
Barbier,2
LANA,2
LANCINE,2
LANDREAT,2
LANGOUET,2
Bardisa,2
LAMON,2
LAMOTTE,2
LAFARGUE,2
LARGHERO,2
de la Verpillière,2
LASSALLE,2
de russé,2
LAOUEDJ,2
de scorraille,2
degruelle,2
LATOMBE,2
de NICOLAY,2
Barrot,2
LE PEIH,2
LE PEN,2
LE RUDULIER,2
LE MENER,2
LE MEUR,2
Baudoux,2
Barrouillet,2
Barthès,2
LAURENT-PERRIGOT,2
LAUSSINE,2
LAVERGNE,2
LASSERRE,2
LASSUS SUAREZ,2
LE DIFFON,2
LAVERSIN,2
LAVILLE,2
Barusseau,2
Bassani,2
LE BERRE,2
LE BIHAN,2
LE BOLU,2
Bataille,2
Bay,2
PIGRENET,2
PILA,2
Bazin-Malgras,2
LE CHEQUER,2
LE COQ,2
LE CORRE,2
PHINERA-HORTH,2
Berville,2
Beaugendre,2
PEULTIER,2
Beaulande,2
Becousse,2
PERRUT,2
PERRY,2
PIANEZZA,2
Baume,2
Belhomme,2
PIEDNOIR,2
PFANDER-MENY,2
Belin,2
PFLIEGERSDOERFFER,2
Bell-lloch,2
Bellamy,2
de Comarmond,2
de LA HAMAYDE,2
Belluco,2
LE FEUR,2
LE GAC,2
Belot,2
Belouassa Cherifi,2
LE NABOUR,2
LE NINIVEN,2
LE GAYIC,2
LE GOFF,2
dardant,2
LE GRIP,2
LE HIR,2
dauchelle,2
LEPINE,2
LENFANT,2
LENOURRICHEL,2
LEONARD,2
LEONARDELLI,2
LEONCE,2
LEONETTI,2
creugnet,2
LE WEST,2
LE YONDRE,2
LEBEC,2
LEBLOIS,2
LEBOUCHER,2
croizard,2
LEOUTRE,2
cueff,2
cuvelier,2
Benbrahim,2
LEDOUBLE,2
Benmokhtar,2
LECAPLAIN,2
LECERF,2
de Bonet d Oléon,2
de Bourrousse,2
PERSIL,2
de COURSON,2
PETIPEZ,2
de Cidrac,2
Bertran,2
LEFORT,2
Berger,2
Bernalicis,2
Benassy,2
PELTIER,2
PENA,2
PENHOUET,2
Bessac,2
LIME VIEILLE,2
Besse,2
LINGEMANN,2
Besson,2
PERNEY,2
Bernhardt,2
PERAZIO,2
Bichet,2
PEREIRA DA CUNHA,2
Bienvenu,2
Bouchier,2
LEHUGEUR,2
LELOUIS,2
PEROTTINO,2
Bouchoux,2
PERREARD,2
PERRET,2
Boudineau,2
PERRION,2
Billard,2
LEMASSON,2
Blairy,2
Blanc,2
Bez,2
LEGROS,2
LEGUAY,2
LEHONGRE,2
PELLEGRIN,2
PELLENC,2
PAUSE,2
PAYRE,2
PEANY,2
PECHOUX,2
Biancarelli-Lopes,2
PATARD-LEGENDRE,2
Boccaletti,2
LESCOUTE,2
LESEIGNEUR,2
LESUEUR,2
PEILLEX,2
Boeuf,2
Blanchard épouse Jacques,2
PELISSIER,2
LIEBGOTT,2
LETARD,2
Blaya,2
Blin,2
Bigot,2
LEVASSEUR,2
LEVI,2
dallet,2
courtel,2
LIRON,2
cousein,2
LISSANT,2
cozic,2
LHERBIER,2
LHERITIER,2
coënt,2
Labardin,2
Lachaud,2
LURIN,2
Blinette,2
Bluteau,2
La Dune,2
chauvin,2
LUBIN,2
LOPEZ LIGUORI,2
chartreux,2
LORENZELLI,2
LOIRE,2
Bouyssou,2
LOIZON,2
LIVRELLI,2
LLORCA,2
coquerel,2
LORHO,2
coulon,2
chudeau,2
cigolotti,2
LOUBET,2
chauvet,2
Bonnivard,2
PATRIARCHE,2
Bonnus,2
PATRU,2
PAUGET,2
Bolo,2
PAULIAT-DEFAYE,2
PARTRAT,2
PASCAL,2
Bonfanti-Dossat,2
PANIFOUS,2
PANNEKOECKE,2
PACCAUD,2
PAGLIARULO,2
PAHIO-JENNINGS,2
PAHUN,2
Lardet,2
Boni Da Silva,2
codorniou,2
PAPILLION,2
PAINEAU,2
PAJOT,2
PALACIN,2
PALLUEL,2
PALMONT,2
Boudié,2
Bouget,2
Boucard,2
Boucher,2
canfin,2
capdevielle,2
PANNIER-RUNACHER,2
PANONACLE,2
carelli,2
LUCOT,2
LUCZAK,2
LUGA Epse PUCHON,2
carles,2
LOUISY-LOUIS,2
LOUSSAN,2
calas,2
OUADAH,2
OUSTRIC,2
califer,2
Obono,2
Odoul,2
calvez,2
OLLIVIER,2
OMAR OILI,2
cambier,2
chabot,2
Ozenne,2
chaline,2
catillon,2
Ollivier,2
Olléon,2
Omarjee,2
Laigneau,2
cazard,2
Bourdeau,2
Boureau,2
Bourel,2
Orhon,2
Oternaud,2
Ott,2
Laura,2
Boulogne,2
Lamy,2
Lang,2
Langevine,2
Langlade,2
Langlois,2
Lahoreau,2
Nicolas,2
Nofri,2
Noguet,2
Boumertit,2
Nosbé,2
Nury,2
Nevers,2
Bounes,2
Bouquet,2
Jardiné,2
Le Breton,2
Branco,2
OBERTI,2
OHANESSIAN,2
OLIVATE,2
Bourgeois,2
Le Nagard,2
Le Ray,2
Le Caill,2
Le Callennec,2
Bourleau,2
Le Gall,2
Le Gleut,2
Lavarde,2
Bourouaha,2
ONIMUS,2
bouyx,2
braive,2
brenier,2
Lebon,2
Lebraud,2
Le Hénanff,2
breuilh,2
Lecoq,2
Liégeon,2
bothorel,2
brulin,2
Logié,2
Loir,2
Loiseau,2
Lenoir,2
Lefebvre,2
Legavre,2
Leguicher,2
briand,2
Lebreton,2
brin,2
brissard,2
brochot,2
Brule Delahaye,2
Bres,2
Bresson,2
Lemaignen,2
Briante Guillemont,2
Braun-Pivet,2
brossat,2
Narassiguin,2
brossel,2
Nauche,2
cambon,2
Lenormand,2
Lepers,2
Lepoultier,2
Buffet,2
Bui-Xuan Picchedda,2
NOGUIER,2
NOUVEL,2
NIKOLIC,2
NILOR,2
NIQUE,2
Brouille,2
bienaimé,2
Levavasseur,2
NOËL,2
Nadine,2
Nahant,2
Najdovski,2
Nakib,2
bisson,2
NIVA,2
blanc,2
blanchard,2
Lhermitte,2
Lhomme,2
Libsig,2
Limoge,2
Lescure,2
Leseul,2
Limongi,2
Limonta,2
Burgoa,2
Linkenheld,2
Linquette,2
Lioret,2
Liso,2
Levieux,2
Lottiaux,2
MANCEAU,2
MANCUSO,2
MANDON,2
blin,2
MAILLARD,2
MAILLOT,2
MAISONNEUVE,2
Lucas,2
bohl,2
Lumeau-Preceptis,2
bonnecarrere,2
Longeot,2
CADIOU,2
Lorain,2
Loric,2
CADUDAL,2
Bécart,2
Bélim,2
Léaument,2
Lécher,2
Lécuyer,2
Bénard,2
Bénévise (Graindorge),2
NICOLE,2
NICOLEAU,2
boudet,2
NICOLLE,2
Léonelli,2
Létard,2
boutenegre,2
Bône,2
CABANIS,2
CADEC,2
Myard,2
CAMARA,2
Mélin,2
Ménagé,2
CASTRO,2
MARGIER,2
NAUDY,2
NE,2
Münzer,2
NACHEL,2
NADEAU,2
NADILLE,2
NAILLET,2
NANA-IBRAHIM,2
MAGNAN,2
CATHERINE,2
NEUDER,2
NEUVY,2
NICCOLETTI,2
NICOLAI,2
NASICA,2
NATIVEL,2
CATTIN,2
MAGNIER,2
CAPDEPON,2
CANARD,2
MACHORO-REIGNIER,2
MADELEINE,2
CANAYER,2
MADER,2
Muriel,2
Muselier,2
CANICAVE,2
Moulin,2
Moullière,2
Mouquet,2
Mourlevat,2
Moutchou,2
MARCHANI,2
CANOVA,2
MANZANARES,2
MANÇANET,2
MAONO,2
Mulatier-Gachet,2
CALMELLY,2
benoit,2
CAPS,2
MARCY,2
CAPUS,2
MARGATE,2
MARAEURA,2
CARCHON,2
MARC,2
CAREIL,2
MARIANI,2
MARICOT,2
CANTALOUBE,2
MARIE-REINE,2
bertrand,2
MARCHIO,2
MARCHIS,2
MARCILLY,2
MARY,2
MAS,2
bertucat,2
MARION,2
besnard,2
belleil,2
ben cheikh,2
bennacer,2
beaujouan,2
MASSEGLIA,2
MASSET,2
MARTIN-GENDRE,2
MARTIN-GRAND,2
badenas,2
baile,2
barenton guillas,2
Montagne,2
barret,2
barruel,2
CAROIT,2
MATHIASIN,2
CARON-DECROIX,2
MATHONIER,2
MATIGNON,2
Moreira,2
barthelet,2
Morgo,2
Morlon,2
Moser,2
Monin,2
baylac,2
Monnier,2
Modde,2
bazile,2
CARPENTIER,2
CARRERE-GEE,2
Miossec,2
CARRIQUE,2
CARROT TANNEAU,2
CARILLON,2
MAUPOIL,2
Molac,2
Molossi,2
Molton,2
CAUCHE,2
CARRÈRE,2
Missoffe,2
Mistler,2
MAUVIEUX,2
CARUHEL,2
MATILLON,2
MATT,2
MATTEI,2
MAUDET,2
MAUGRAS,2
CASSAGNOLE,2
CASSOU-SCHOTTE,2
CASTOR,2
MENICHON,2
MEGGIATO,2
MEIGNEN,2
MEKHANTAR,2
CAZAUBON,2
MAURIN née VERDOUX,2
MONTAGNAT,2
MONTECOT,2
MONTILLOT,2
MONTORO-SADOUX,2
MORAINE,2
MONDONE,2
CAZENAVE,2
CAZENEUVE,2
MESTRIES,2
MENONVILLE,2
MERCHIER,2
CHATILLON,2
MERIAUDEAU,2
CHAULET,2
CHAUMONT,2
MONROSE,2
CECCOLI,2
CEDILEAU,2
MICHALLET,2
CERINO,2
CHABAL,2
CAUDRON,2
CAUWET,2
CAVITTE,2
CHALUMEAU,2
CHAMBARET,2
Midy,2
Millan,2
MICHOUX,2
MICOULEAU,2
MILLER,2
CHAILLEUX,2
Mendes,2
CHAILLOU,2
Mennetrier,2
Merabet,2
CHAIMOVITCH,2
arik,2
Maïa,2
arsac,2
Merckaert,2
Mercuzot,2
Mesmeur,2
Messeanne,2
amoros,2
Mesure,2
Mellinger,2
Menchon,2
andreu sabater,2
angeletti,2
Meszaros,2
Mette,2
apourceau-poly,2
ZILIO,2
Meurin,2
ZAMMIT-POPESCU,2
MITTELHAUSSER,2
MODURIER,2
MOLIERAC,2
MINIER,2
MINIOU,2
ZANNETTACCI,2
MIRALLES,2
MIRANDE,2
Madaule,2
Magnier,2
Maguin,2
Mahiet-Lucas,2
CHEVREAU,2
Maillet,2
MURZI,2
MUSSINGTON,2
CHEVROLLIER,2
MORALLET,2
MORANCAIS,2
CHIAVASSA,2
MORANO,2
MORANÇAIS,2
MORAZIN,2
alleman,2
MORISSEAU,2
ZOBDA,2
ZELTZ,2
MORVAN,2
ZIEGLER,2
CHARLIER,2
MORETTE,2
MORETTI,2
CHARPENTIER,2
Meizonnet,2
CHARRE,2
MOSTACHI,2
CHANFI,2
CHAPEL,2
CHAPUIS,2
achalme,2
CHAUVEAU,2
Massebeuf,2
CHASSEING,2
Massot,2
Marsat,2
Marsaud,2
Weber,2
Wehrling,2
Mayaud,2
Matergia,2
Weiss,2
Matheron,2
Mathis,2
WOITIER,2
YOUSSOUFFA,2
Maréchal-Le Pen,2
Yon-Courtin,2
Youssouf,2
MURA,2
Wilsius,2
MOURIER,2
MOURRA,2
XOWIE,2
Maximi,2
MUSSOTTE,2
Maamaatuaiahutapu,2
Mabire,2
YADAN,2
Macé,2
CHERRIER,2
MOYSE,2
CHAVANON,2
ALLINGRI,2
ALLIONE,2
ALLISIO,2
CHAVENT,2
AT,2
CHAVEROT,2
ATTAL,2
soussi,2
AMSLER,2
CHEDOUTEAUD,2
CHEKHEMANI,2
AMAILLAND,2
CHIKIROU,2
AMBLARD,2
AMIABLE,2
CHESNEAU,2
CHENEVARD,2
CHEREAU-NEMAZINE,2
ANGELRAS,2
ANGLADE,2
WARSMANN,2
WATTEBLED,2
ANILHA,2
AMRANE,2
tallet,2
WAUQUIEZ,2
Vogel,2
smihi,2
Voisin,2
CIUNTU,2
sourisseau,2
ABADIA,2
vigier,2
CHOPARD,2
CHOUVIER,2
vignon,2
CHRISTOPHE,2
WEILL,2
WAROT,2
zuili,2
Marais,2
CLAVE,2
Majourel,2
Maliar,2
Mallié,2
visentin,2
vogel,2
willaume,2
Mardikian,2
Mariaud,2
CLEMENT,2
Marie-Louise,2
CLEMENTE,2
CIETERS,2
Mansour,2
Mansouri,2
Martineau,2
CIGANA,2
CINEUX,2
Marolleau,2
Marquez,2
CIOTTI,2
Marchetti,2
Le Bigot,2
ABBAS,1
ACCARY,1
ACHARD,1
ACKER,1
AHRES,1
AIT,1
AKBARALY,1
ALBUFFY,1
ALCIN,1
ALCOVER,1
ALEDO,1
ALEMANI,1
ALLEMAND,1
valantin,1
verola,1
vincent,1
viossat,1
voralek,1
vuillemin,1
walker,1
waneux,1
washetine,1
Maillou,1
Mainguet Grall,1
Majdouline,1
Malherbe,1
Malleville,1
Malosse,1
ARNOLD,1
ARSAC,1
ASCONE,1
ASLANIAN,1
ASTIER,1
ASTORG,1
ATEO ép CROLAS,1
ATTIA,1
sarselli,1
saurat,1
sausset,1
scaillierez,1
sigismeau,1
ANSART,1
ANSELME,1
ARMAND,1
sahindal deniz,1
saho-nuzzo,1
sainte-rose fanchine,1
salami- Dadkah,1
salaun kerhornou,1
saliga,1
santosuosso,1
sarda,1
AYCARD,1
Abaux,1
Aebischer,1
Aguin,1
Agullana,1
Ait Chikhebbih,1
ryckelynck,1
saadi,1
MONPAYS,1
MONTAGNIER,1
MOPIN,1
MENISSEZ,1
MERINE,1
MESADIEU,1
MESSAGER,1
METAIRIE,1
MIZZON,1
MOGLIA,1
MOINET,1
MOISY,1
MOLINOZ,1
MONERVILLE,1
MONIE,1
MONNET,1
Melzassard,1
Mentré,1
Meslay,1
Mettey,1
Metzdorf,1
Mey,1
MION,1
MISSLER,1
MOROGE,1
MORTREAU,1
MOSNIER,1
MOTEL,1
MOTHRON,1
MOUFFLET,1
MOUNIAMA-CUVELIER,1
Mayeur,1
MAURICE,1
MAURY,1
MAZARS,1
MEDINA,1
MEHLEN,1
MEHUKAJ,1
MELE,1
MELIN,1
Moeneclaey,1
Moiroud,1
Mokrane,1
Mondino,1
Monetti,1
MAU,1
MAURER,1
MAUREY,1
Mezrar,1
Mignot,1
Miguel,1
Milleville,1
Milliez,1
Milward,1
Minarro Baudouin,1
Mitonneau,1
METANIRE,1
METOIS,1
MEUNIER,1
MEYER,1
MEYZENC,1
MICHAUT,1
MICHON,1
MIDALI,1
Mulyk,1
MANUOHALALO,1
MANZARI,1
MAQUET,1
MAQUOI,1
MARAIS,1
MARATCHIA,1
MARCE,1
Mora,1
Morat,1
Moreau,1
Morelle,1
Moulay,1
Moureau,1
Mouton,1
Mulot,1
MASCARELLI,1
MASSART,1
MASSELUS,1
MASSI,1
MATHERON,1
MATHEVET,1
Monot,1
Monseigne,1
MENASSI,1
MENAULT,1
MENHOUDJ,1
MARIETTE,1
MARLAS,1
MARTEGOUTTE,1
MARTHEY,1
MASCARAQUE,1
MALEN,1
MANDELLI,1
MANENT,1
MANGUE,1
MANSOURI,1
Lopez,1
Lorentz,1
Loughraieb,1
MAGNIN-FEYSOT,1
MAGRAS,1
MAGRO,1
MAHET,1
MAHIER,1
MAIGNAN,1
MAINSANT,1
MAISONNAT,1
NAVROT,1
NEAOUTYINE,1
NEBOR,1
NEUMANN,1
NIANG-FOUQUET,1
MADINIER,1
MAES,1
MAGLOIRE,1
MARIA,1
MARIE-LOUISE,1
MARIE-LUCE,1
Musso,1
Médina,1
Mériot,1
NARDOU,1
NAUDAN,1
Letouzé,1
Leveillé,1
Lime,1
Linares,1
Loire,1
Loizon,1
Lecoultre,1
Ledee,1
NOUGEIN,1
NOURRY,1
NOUVELOT,1
NOWAK,1
Nadesan,1
Lesne,1
Letchimy,1
Letissier,1
NICOLAZO,1
NICOLE WILLIAMS,1
NICOLIER,1
NICOLLET,1
NICQ-CROIZAT,1
NIEPCERON,1
NINOT,1
NORMAND,1
Lovichi,1
Lucaud,1
Lucchesi,1
Lungart,1
LÃ©cuyer,1
Létoquart,1
MABIRE,1
MACHICHI PROST,1
Laëtitia,1
Le Bechec,1
Le Bourgeois,1
Le Clercq,1
Le Frène,1
Le Fur,1
Le Guennec,1
Le Liboux,1
Ngo kaldjop,1
Niasme,1
Niel,1
Nowak,1
Négret,1
OCCELLI,1
OLIVARES,1
Lavalette,1
Namur,1
Nasrou,1
Naturel,1
Naulin,1
Nembrini,1
Neugnot,1
Neveu,1
Ngo Kaldjop,1
Ledeux,1
Lefort,1
Legagneur,1
Leghmizi,1
Legrain,1
Lemaire,1
Lemanceau,1
Leprettre,1
Laloy,1
Lamarche,1
Lamenie,1
Lamonerie,1
Lamour,1
Lapeyre,1
Laporterie,1
Lapouille-Flajolet,1
Ouizille,1
Lacroix,1
Laffont,1
Laflaquiere,1
Lagorce,1
Lahais,1
Lahalle,1
Lalanne,1
ORPHE,1
OUAKNINE,1
OUSSENI,1
Odon,1
Ogor,1
Olçomendy,1
Orgelet,1
Oudin,1
Le Lorch,1
Le Meur,1
Le Moal,1
Le Roux,1
Le Teuff,1
Leballeur,1
Lebeaupin,1
ORAIN GROVALET,1
Laborde,1
Lacaze,1
Lacoste,1
Lacouture,1
LITZELLMANN,1
LIZOLA,1
LIZUREY,1
LLORET,1
LUBET,1
LUCA,1
LUCAZEAU,1
LUPO,1
LUTOVIKA,1
LYONNAZ,1
Labar,1
Labaronne,1
PAOLINI,1
PAPY,1
PARA,1
PARAYRE,1
PARIS,1
PARISOT,1
PARRA,1
LOUIS-CARABIN,1
Larue,1
Lascaux,1
Laval,1
Oziol,1
PACQUIT,1
PAILLARD,1
PAILLARES,1
PANNIER,1
LESCURE,1
LESPADE,1
LESTAS,1
LETHUILLIER,1
LEVENEUR,1
LHEUREUX,1
LIDAR,1
LIGONNIERE,1
PASSEBOSC,1
PASSIEUX,1
PAULIC,1
PAYET,1
PAZ,1
PEDEBOY,1
PEDUZZI,1
PEES,1
LONG HIM NAM,1
LONGUEVAL,1
LORGEOUX,1
LORIMIER,1
LORIN,1
PARVEDY,1
PASCO,1
PASCOUAU,1
LOCQUET,1
LODA,1
LOGEL,1
LOGIN,1
LOGNON,1
LOISEAU,1
LOMBARD,1
LOMBARDO,1
LEPVRAUD,1
LERMAN,1
LE STRADIC,1
LEBIGRE,1
LECHATREUX,1
LECLERE,1
LECOINTE,1
LECOLE,1
LELONG,1
LEMAITRE,1
LEMOIGNE,1
LEMONNE,1
LEON,1
LEPORTIER,1
LEPRINCE,1
LEPROUST,1
PERIN,1
PERISSOL,1
PERLET LEONCE,1
PERMACAONDIN,1
PERONNET,1
PERRON,1
LEGROIS,1
LEHENOFF,1
PELLET,1
PEMBA-MARINE,1
PENAUD,1
PENIGUEL,1
PENSALFINI,1
PERAL,1
PERES,1
PERICAT,1
LE MOULLEC,1
LE NOUVEL,1
LE PENHUIZIC,1
LE QUER,1
LE RAY,1
LE SCORNET,1
LE SOLLEUZ,1
LATIL,1
PIAZZA,1
PICHON,1
LE DIGABEL,1
LE DOARE,1
LE FUR,1
LE GALL,1
LE LUHERNE,1
LE MEAUX,1
PERSÉE,1
PETRONIO,1
PEYRAUD,1
PEYRET,1
PEYTHIEU,1
PEZZALI,1
PFRIMMER,1
PHILIBERT,1
LECONTE,1
LECOQ,1
LEDIEU,1
LEDUC,1
LEFAIT,1
LEGGERI,1
LEGRAND,1
PERSAIS,1
LAMOTH,1
LAMQUET,1
LAMY,1
LANGLOIS,1
LANNE,1
LAOUKIRI,1
LAPACHERIE,1
LAPALU,1
PLANCHENAULT,1
PLANTE,1
PLASSARD,1
PLOTEAU,1
LAMBERT,1
LAMIRAY,1
LAMORLETTE,1
LAMORT,1
LE CAM,1
PIERRUGUES,1
PIETTE,1
PIGOT,1
PINOTEAU,1
PIRIOU,1
PIRMAN,1
PITROU-DOLBEAU,1
LATOUCHE,1
LAUGA,1
LAUGARO,1
LAUREY,1
LAVALLARD,1
LE BOULANGER,1
LE BOUTER,1
LE BRAS,1
Khac,1
Khouiel,1
Koeberlé,1
Komokoli Nakoafio,1
Konopnicki,1
Krüger,1
LABAILS,1
LABESSE,1
POIROUT,1
POISSANT,1
POMA,1
PONCET,1
PONCET MONGE,1
PONY,1
PORRETTA,1
POTIN,1
LAFONT,1
LAFRIQUE,1
LAGES,1
LAGET,1
LAISNEY,1
LAJUGIE,1
LALANE,1
POININ-COULIN,1
LARDEUX-COIFFARD,1
LARDON,1
LAROPPE,1
LARRAT,1
LARUE,1
LACOUR,1
LAFAY,1
LAFON GAUTHIER,1
KIRSCHNER,1
KISS,1
KLING,1
KOENDERS,1
KOHLHAAS,1
KRABAL,1
KRUSZKA,1
KULIMOETOKE,1
PRIOU,1
PRIOUX,1
PROFFIT BRULFERT,1
PRONO,1
PRONONCE,1
PROTANO,1
PRUD'HOMM,1
KHELIFI,1
POYET,1
PRADELLE,1
PRAS,1
PRAT,1
PRAUD,1
PRESNE,1
PRIBETICH,1
PRINCE,1
LABORDERIE,1
LABOSSE,1
LABROUSSE,1
LACARRERE,1
LACASCADE,1
LACHAIZE,1
POUPET,1
POUSSIER,1
Paul-Loubière,1
JULLIEN,1
JUNES,1
Jabot,1
Jacky,1
Jacobelli,1
Jacotot,1
Jacq,1
Pacaud,1
Pacoret,1
Papy,1
Paquet,1
Paris,1
Paris Grosset,1
Parra,1
Passerieux,1
Juliard-Gendarme,1
KARULAK,1
KEFI-JEROME,1
KELYOR,1
KERGOAT,1
PUGEAT,1
PUIL,1
PUJOL,1
Kaziewicz,1
Keignaert,1
Kemel,1
Kermorvant,1
Kerrouche,1
Jouault,1
Jouneaux-Pedrono,1
Jules,1
JOURDA,1
JOUYE DE GRANDMAISON,1
JOYAU,1
JOYEUX,1
JUBAN,1
JUDALET,1
JUILIEN PEUVION,1
Irigoyen,1
Pennelle,1
Penso,1
Pestre,1
Petitta,1
Peyron,1
JEFFROY,1
JENN,1
JOULIÉ,1
Pavillon,1
Pedowski,1
Peducasse,1
Peiro,1
Pelletier-le barbier,1
Pelloquet,1
Pelé,1
Pemezec,1
Jacquet,1
Jalabert,1
Jalby,1
Jampoc Bertrand,1
Janicot,1
Jean-Michel,1
Jerome,1
Jlalji,1
IMPERIALE,1
INDERBITZIN,1
IRITI,1
ISEPPI,1
ISMAIN,1
Idziak,1
Iordanoff,1
Heliot Couronne,1
Point,1
Poirier,1
Polski,1
Hus,1
Husson,1
Hénaff,1
IBRAHIMA,1
IMBAULT,1
JEAN-JACQUES,1
Pfister,1
Pichot,1
Pierre-yves,1
Pilch,1
Pineau,1
Piolle,1
Plazanet,1
JABES,1
JAMET,1
JAMMES,1
JANKOWSKI,1
JAOUEN,1
JAUBERT,1
JAUNET,1
JEAN-BAPTISTE,1
Hamdane,1
Hamon,1
Hamonou-Boiroux,1
Hamy,1
Haran,1
Hartz,1
Hassan,1
Hasser,1
Puyobrau,1
Py,1
Péron,1
QAEZE,1
HURLUS,1
Haesebroeck,1
Hagenbach,1
Hajjari,1
Pradié,1
Pragout,1
Prieur,1
Prigent,1
Prochasson,1
Pronchéry,1
Puchois,1
Pueyo,1
Henrion,1
Hoarau,1
Hocq,1
Home,1
Hue,1
Pontone,1
Poujet,1
Pradayrol,1
RAGOT,1
HENAULT,1
HENNEBERT,1
HERENGER,1
HERIN,1
HERR,1
HERTAULT,1
HERTELOUP,1
QUIN,1
Quilan,1
Quiniou,1
RABHI,1
RABOT,1
RADAKICHENIN,1
RADOU,1
RAFAITIN-MARIN,1
HUMETZ,1
QUENEA,1
QUENTIN,1
QUERO,1
QUERO-RUEN,1
QUEROUE-MARY,1
QUIGUER,1
QUILLET,1
HODY,1
HOIORE,1
HOMMEL,1
HOUBRON,1
HOUILLON,1
HOZMAN,1
HUAUME,1
HUG,1
HANOH,1
HAREUX,1
HART,1
HATZIG,1
HAUATA épse AH-MIN,1
HAURET,1
HAVET,1
HAXAIRE,1
Géraudie,1
Géry,1
HABIG,1
HABLOT,1
HADJ MIMOUNE,1
HALGAND,1
HAMAYON,1
HAMONIC,1
RALLO,1
RAMBAUD,1
RAMPHORT,1
RATSIMBA,1
RATTIER,1
RAY,1
RAYEUR-KLEIN,1
REBERT,1
HERVY,1
HETZEL,1
HILT,1
HIPPOLYTE,1
HIRIGOYEN,1
HIVER,1
RAGUIN,1
RAJA,1
Guillaume,1
Guin,1
Guinaudie,1
Guinebert,1
Guissé,1
Guiteau,1
Gonthier,1
Gonzales,1
Groult,1
Guerard,1
Guerry-Gazeau,1
Guetta,1
Gueu Viguier,1
Guichet,1
Guichou,1
Guiffard,1
RENOU,1
REQUENNA,1
RETY,1
REVEAU,1
REVEREAULT,1
REYNAUD,1
RIBOT,1
RIBOUT,1
HAZARD,1
HEDDEBAUX,1
REDLER,1
REDO,1
REGEARD,1
RENAUX,1
RENE-CORAIL,1
RENGOT,1
Gharet,1
Gigan,1
Gimenez,1
Girardin,1
Girardot,1
Gisselbrecht,1
Glucksmann,1
Gaquere,1
RIOJA,1
RIOU-BOURDON,1
RITOURET,1
RITZ,1
RIVEL,1
RIVET,1
RIVETA,1
Gesell,1
Grau,1
Grelaud,1
Grignola-Bernard,1
Griseti,1
RICHE,1
RICOUX,1
RIEDINGER,1
RIEU - FROMENTIN,1
Gorriquer,1
Gouez,1
Gouhoury,1
Gourdon,1
Gouyette,1
Graef-Eckert,1
Graillon,1
Grasset,1
GUYOD,1
Gaget,1
Galey,1
Galzy,1
Gandolfi,1
GRIFFOND,1
GRIMBER,1
GRISET,1
ROLLAND,1
ROLLIN,1
ROMESTAING,1
RONDONI,1
RONGIER,1
ROSSETTI,1
GUILLO,1
GUITTON,1
Gely,1
Geniès,1
Gente,1
ROCHAUD,1
ROCHE,1
RODRIGUEZ,1
ROGER,1
ROJOUAN,1
Garabedian,1
Garbarsky Yardeni,1
Garestier,1
Garin,1
Garreau,1
Gattefin,1
Gaude,1
Gauquelin,1
GOURTAY,1
GOURVIL,1
GOUTTE,1
GRANCHER,1
GRANDAME,1
GRANJON,1
GRAVELET,1
GRAVELLE,1
ROUTHIER,1
ROUYER,1
RUAS,1
RUBIN,1
RUET,1
GOUEROU,1
GOUPIL,1
GOURIER,1
GUEZELLO,1
GUIDEZ,1
GUIDICELLI,1
ROTKOPF,1
ROUANET,1
ROULAND,1
ROULLAUD,1
ROUSTAN,1
GRUNEWALD,1
GRUVEL,1
GUEANT,1
GUEDJ,1
GUEGUENIAT,1
GUELON,1
GUERRERO,1
GUETTÉ,1
GIACOMAZZI,1
GIANNACCINI,1
GIAUME,1
GILLOOTS,1
GINER,1
GINGAST,1
GINGREAU,1
GIRAUDEAU,1
Ramdani,1
Raponi,1
Raymondaud,1
Renard,1
Renault,1
Reverchon-Billot,1
Rey-Deschamps,1
GHEERBRANT,1
GONSSE,1
GOPAL,1
GORGES,1
GOROMIDO,1
RYS,1
Rabou,1
Radreau,1
Rafowicz-Piaskowski,1
GRENOT,1
GLACET,1
GLESER,1
GODARD,1
GOEPFERT,1
GOIN-DEMAY,1
GOMES,1
GOMIS,1
GERAUD,1
GERES,1
GERMANEAU,1
GALLAIS,1
GALZIN-THEAU,1
GARDEUR-BANCEL,1
GARNERIN,1
GARREAU,1
GEIGER,1
GELLY,1
GENDROT,1
GENELLE,1
GENETET,1
GEOFFROY,1
GEORGIADES,1
GEORGIN,1
Riffé,1
Rigaud,1
Rimbeau,1
Rivaud,1
Rivery,1
Robelet,1
GAYSSOT,1
GEENENS,1
GIRODET,1
Rezeg,1
Ribes,1
Ricart,1
Richard,1
Richard-Trinquier,1
Ridel,1
Riehl,1
GADENNE,1
GAGNAIRE,1
GAITET,1
GALAND,1
Fernandez,1
Ferrand,1
Ferré,1
Filoche,1
Rouède,1
Fraipont,1
Franclet,1
Frebault,1
Fremy,1
Frisque,1
Frêche,1
Féron,1
Rodriguez,1
Rodwell,1
Roudaut,1
Rougheol,1
Rouillon,1
Rousselet,1
Rousselot,1
Roux,1
GARRIGUES,1
GARY,1
GASTRIN,1
GATARD,1
GATECEL,1
GAURAT,1
GAUZE,1
Robic,1
Falconnet,1
Falorni,1
Farcy,1
Fardoux-Jouve,1
Faucon Mejean,1
Fauconnier,1
Fauvet,1
Faverjon,1
SAKILIA,1
SALAK,1
SALAUN,1
SALECROIX,1
FROUEL,1
FUGIT,1
FUHRMANN,1
FUMERY,1
Ruffenach,1
Ruga,1
SABATIER,1
SABATOU,1
SAINT MARTIN,1
SAINT-ARROMAN,1
SAINT-LAURENT,1
SAINT-PE,1
Fischer,1
Forchez,1
Fostier,1
Fouchet,1
Fountaine,1
Roué,1
Rozette,1
Rubirola,1
FRANCOIS-GOGUILLON,1
FRANÇOIS,1
FRAPPE,1
FRIEZ,1
FROGIER,1
FROMET,1
FROMONT,1
FROT,1
FOURCADE,1
FOURCROY,1
FOURNADET,1
FOURRE,1
FOURRIER,1
FOXONET,1
FRANCHI,1
FRANCIS,1
SAMBENOUN,1
SAMOT,1
SAN GEROTEO,1
SANDEVOIR,1
SANTIN,1
SARRABEYROUSE,1
SARTIRANO,1
SAURAT,1
Fenzar,1
Ferec,1
Ferey,1
SALIGOT,1
SALIOU,1
SALLES,1
SALVETTI,1
SAMALENS,1
FERNIQUE,1
FERRATO,1
FERREIRA DE SOUSA,1
FERRI,1
FERRIER,1
FEUVRIER,1
FEVRE,1
Emon,1
SEGAUD,1
SEJEAU,1
FAVE,1
FAYSSAT,1
FEDIEU,1
FEL,1
FENAIN,1
FERNANDEZ,1
FOUCAULT,1
SAYOUS,1
SCHAETZEL,1
SCHILDKNECHT,1
SCHLUSSEL,1
SCHNEIDER,1
SEASSAU,1
SEELS,1
FEVRIER,1
FIGUET,1
FIORENTINO,1
FLECHET,1
FLEURET,1
FLOHR,1
FLOQUET,1
FLORIANT,1
SIMEON,1
EMAD BOUASBA,1
EMIN,1
END,1
ERNEST,1
ESCHLIMANN,1
ESCUDIER,1
ETIENNE,1
SERVA,1
SERVAT,1
SERVIERES,1
SICARD-DESNUELLE,1
SIF,1
SIHOU,1
SIMBAYE,1
SIMELIERE,1
FAITHFUL,1
FALCO,1
FALIERES,1
FARA,1
SELLIER,1
SENECHAL,1
SENSOU,1
SERRATE,1
Eon,1
Erremundeguy,1
Escach,1
Esplugas-Labatut,1
Etcheçaharreta,1
Eurisouke,1
FADHLA,1
FAGAUT,1
D’Alguerre,1
EAP,1
ECENARRO,1
EL KHILI,1
ELEXHAUSER,1
Drapeau,1
Driol,1
Dubois,1
Durruty,1
Dussaubat,1
Duteil,1
Dutoya,1
Dyen,1
Dècle,1
Dénès,1
Dézempte,1
SOHIER,1
SOIGNEUX,1
SOIRAT,1
SOREL,1
SOUFIR,1
SOUMAILA,1
SOW,1
Duranton,1
EVENE-MATEO,1
EVENO,1
Edern,1
El Abidi,1
Elazouzi,1
Elegeest,1
SIX,1
SKYRONKA,1
Di Gallo,1
Diers,1
Dieusaert,1
Doineau,1
Dolgopyatoff Burlet,1
Donnay,1
Doridam,1
Dossus,1
SUVE,1
Sadoul,1
Saint-Esteven,1
Saint-Orice,1
Salami,1
Descombes,1
Desfachelle,1
Desforges,1
Duperthuy,1
Dupeyrou,1
Dupin,1
Dupuis,1
STEIN,1
STOFFEL,1
STOLL,1
STORET,1
Dubouchet Revol,1
Dubreuil,1
Ducamin,1
Duchêne,1
Duda,1
Dufetel,1
Dujarrier,1
Dumoulin,1
Demore,1
Denéchaud,1
Da Cunha,1
Dalmasso,1
Damade,1
Danillon,1
Darcos,1
Darteyre,1
Dehaese,1
Delacour,1
Delaitre,1
Delavoie,1
Delsol,1
Demanse,1
Demester,1
Demoncheaux,1
Saudemont,1
Savariego,1
Savreux,1
Sawa,1
Schaller,1
Schlosser,1
Definel,1
Degraix,1
Dougé,1
Douvry,1
Drain,1
Salaün,1
Salitot,1
Santo,1
Sartori,1
Sattonnet,1
DUPIRE,1
DUPOUEY,1
DUPOUY,1
DUPUY,1
DURAND-COUTELLE,1
DUTARTE,1
DUTERTRE,1
DUVERNOIS,1
Spillebout,1
DUMOULIN,1
DUNOD,1
DUNOYER,1
DUNTZE,1
DUPERAT,1
DUPESSEY,1
DUPEYRAT,1
Sergi,1
Serp,1
Seureau,1
Simondon,1
Sitzenstuhl,1
Sore,1
Sosinski,1
Spicher,1
Daste,1
David-Brochen,1
Davoust,1
De Almeida Chaves,1
De Marco -Truel,1
Debil,1
Decoster,1
Decourchelle,1
DUFORESTEL,1
DUFOUR LEFORT,1
DUFOUR TONINI,1
DUHAMEL,1
DULON née RUIS,1
DULOT,1
DUMAINE,1
DUMONTET,1
DRONE,1
DUBLANCHE,1
DUBOS,1
DUCHAMP,1
DUCLONA,1
DUCLOUX,1
DUFAY,1
DUFEIGNEUX,1
Ségneré,1
Séguret,1
TABARY,1
TAGUET,1
TAHIRI,1
TAILLY,1
TALARMIN,1
TANDONNET,1
Staron,1
Steenwinkel,1
Stoebner,1
Sueur,1
Sulli,1
Sztrakoniczky,1
Sztulma,1
Sébille,1
DEUILHÉ,1
DEVAUX,1
DEVESA,1
DEXPERT,1
DEZIER,1
DIA,1
DIETRICH,1
DIJOUX,1
TEINTENIER,1
TEISSIER,1
TELLIER,1
TERMON,1
TEROU,1
TERRAZA,1
DESTAILLEUR,1
DETANG,1
DORÉ,1
DOUCERAIN,1
DRAPEAU,1
TARBES,1
TARDIEU,1
TARDY,1
TATU,1
TEBIBEL,1
DIOP,1
DIOUF,1
DIVE,1
DJIDEL,1
DOLLINGER,1
DONATINI,1
DORANGE,1
DORDAIN,1
DEROUBAIX,1
DESAPHY,1
DESCHIENS,1
DESCHIZEAUX,1
DESCROUET,1
DESFOSSES,1
DESFOUX,1
DESOUCHES,1
TIONOHOUE,1
TIRANT,1
DENIEAULT,1
DENIELE-VAMPOUILLE,1
DENIZON-ZAWIEJA,1
DEPAGNE,1
DEPONDT,1
DERMIT,1
THIEBAUT,1
THIL,1
THIRIET,1
THIÉBAUT,1
THODIARD,1
TIDJINE-HMAE,1
TIEOUE,1
TILLY,1
DILLINGER,1
THALAMY,1
THALY BARDOL,1
THEBAULT,1
THELLIER,1
THERESE,1
THERINCOURT,1
THERY,1
DEMERSSEMAN,1
DENAJA,1
DENAX,1
DEBES,1
DEBONS,1
DEBREUX,1
DECARD,1
DEFAUX,1
DELEPAUL,1
DELETRE,1
DELLA FRANCA,1
DELMAS,1
DELMER,1
DELMOND,1
DELPORTE,1
DELSAUX,1
TRAPON,1
TRICHET,1
TRIFAUT,1
DELBREIL,1
DELBREL,1
DELECROIX,1
DELELIS,1
DELEPAU,1
DESSEAUX,1
DESSEIN,1
TOLASSY,1
TORRENS,1
TOUCHARD,1
TOULZA,1
TOURELLE,1
TOUZELLIER,1
DARRASSE,1
DARRIEUSSECQ,1
DARRIEUTORT,1
DAUBRESSE,1
DAUGERON,1
DAUVILLIERS,1
DAVET,1
DAYRE,1
TUFUOR,1
TURCHETTO,1
TUROT,1
TURPIN,1
Tani,1
Taubrégeas,1
DARDOULLIER,1
DARQUES,1
TROCHU,1
TROGRLIC,1
TROMBINI,1
TRONCY,1
TROUNDAY IDIART,1
TROUSSEL,1
TRYSTRAM,1
TUFELE,1
DEFEVERE,1
DEFOSSEZ,1
DEHAY,1
DEHMECHE,1
DEICHTMANN,1
DEKKERS,1
DEL POSO,1
TRIOULIER,1
Colson,1
Confesson,1
Constant,1
Coppolani,1
Coradetti,1
Cornet,1
Cornet-Ricquebourg,1
Coste,1
Thebault,1
Thouvenot,1
Théret,1
Tiberino,1
Tikouk,1
Tivoli,1
Colin,1
Collineau,1
D'ESTIENNE D'ORVES,1
DA SILVA,1
DAGBERT,1
DALLARA,1
DARBON,1
Taïeb,1
Tetart,1
Teyssier,1
DE AZEVEDO,1
DE CARRION,1
DE LAPARRE DE SAINT-SERNIN,1
DE SAINT NICOLAS,1
Cousin,1
Cuénot,1
Cypriani,1
Czerwinski,1
Claveau,1
Clerc,1
Clément,1
Coiffard,1
Coint,1
VALOIS,1
VALTON,1
VALY,1
VALLA,1
VALLEE,1
VALLIERE,1
Chihi,1
Chivilo,1
Chochois,1
Cinieri,1
Claessens,1
Toro,1
Torreilles,1
Trickovski,1
Tron,1
VALADE,1
VALERIE,1
VALIER,1
VALIORGUE,1
Cote,1
Cotta,1
Cottenceau,1
Cottret,1
Couppey,1
Courtigné,1
Courtin,1
Toranian,1
Chekouat,1
Chenut,1
Cassar,1
Cassier,1
Castillo,1
Catelinois,1
Cathala,1
Caulet,1
Charpentier,1
Charriaud,1
Chastre,1
Chatelain,1
Chati,1
Chauffier,1
Chaumette,1
Chaumont-Puillet,1
VERNET,1
VERNEY,1
Chalumeaux,1
Chambe,1
Chancerelle,1
Chappé,1
Charles,1
Charnoz,1
VAN CAUWENBERGE,1
VAN VOOREN,1
VANDEVILLE,1
VASSEUR,1
VASSY,1
VEDRENNE,1
VENTRON,1
VERGEZ,1
Carriere,1
Carré,1
Caseris,1
Casildas,1
COUSIN,1
COUTIERE,1
COZIEN,1
CRAND,1
Cabaye,1
Cabello,1
Caillou-Robert,1
Caleiro,1
Camara,1
Campodarve-Puente,1
Caraco,1
Caron,1
VIALLE,1
VIAULT,1
VIGNES,1
VIGOUROUX,1
VILLEMIN,1
VINCENTI,1
CURUTCHARRY,1
CYRIAQUE,1
Cavagnac,1
Cavaille,1
Cesari,1
Chabira,1
Chain-Larché,1
VETRO,1
VEYRET,1
VIALET,1
Valois,1
CORNAIRE,1
CORNU,1
COROUGE,1
CORRIERAS,1
CORROLLER,1
CORZANI,1
COSCARELLA,1
Valentin,1
Valentin-Leméni,1
Valet,1
Vallade,1
Valletoux,1
Vallienne,1
Vallies,1
Vallée,1
VIRAMA-COUTAYE,1
VITTON,1
VIVOT,1
VOITELLIER,1
VOURIOT,1
VUILLEMIN,1
Vadillo,1
Valadier,1
CRANOLY,1
CREPIN,1
CRESSENS,1
CRETIN-MAITENAZ,1
CRIAUD,1
CROSNIER,1
CUCHEROUSSET,1
CUISSET,1
COIANIZ,1
COINTRE,1
COLIGNON,1
COLL,1
COLLIAT-DANGUS,1
COLOMBERO,1
COLONNA,1
COMBETTES,1
Verzelen,1
Viard,1
Viart,1
Vilaplana,1
Vincini,1
Vinet,1
COEVOET,1
COGNET,1
COURT,1
Van Ghelder,1
Vanhille,1
Vannier,1
Vastel,1
Vayaboury,1
Ventalon,1
Verfaillie,1
COSSET,1
COT,1
COTTEREAU,1
COUCHAUD,1
COUCHOT,1
COUDREUSE,1
COUNIL,1
COUREAU,1
WILLENS,1
CHOPART,1
CHOSEROT,1
CHOUIN,1
CHRISTIANE,1
CIPIERRE,1
CITEAU,1
CIVEL,1
WASZAK,1
WATELAIN,1
WATEOU,1
WEISS,1
WEITEN,1
WEÏSS,1
WIEL,1
WILLAUMEZ-GUILLEMETEAU,1
Voynet,1
Vély,1
WACKENTHALER épouse FAIVRE,1
WAHETRA,1
WAKA,1
WALKER,1
WANLIN,1
WANNEROY,1
COMBY,1
COMIER,1
COMPPER,1
CONSTANT,1
Virapoullé,1
Vogt,1
Voillot,1
Vos,1
CHENUET,1
CHERUBINI,1
CHERVIN,1
CHESNAIS-GIRARD,1
CHESTIER,1
CHEVALLIER,1
CHEVREL,1
CHIAPPA - KIGER,1
YTIER,1
Yavuz,1
Yildirim,1
Yilmaz,1
CHENE,1
CHENEAU,1
CHENECHAUD,1
CHENOT,1
Waroczyk,1
Wattelle,1
Wattier,1
Werbrouck,1
Wilmotte,1
Wyszkowski,1
YON-BERTHELOT,1
YOU,1
CLAIN,1
CLAPPAZ,1
CLECH,1
CLINQUART,1
CLOUAIRE,1
CLÉMOT,1
CODRON,1
WINOCOUR LEFEVRE,1
CHARMOT,1
CHAROLAIS,1
CHARPENEL,1
CHASSAGNE,1
CHASSAIN,1
CHASSARY,1
CHATAGNON,1
CHATEAU,1
algay,1
allaire,1
CHANE-KAYE-BONE TAVEL,1
CHANUT,1
CHAPLET,1
CHAPOTON,1
CHARASSIER,1
CHARGUEROS,1
ZIAT,1
ZORN,1
ZOUGGAGH,1
Zdorovtzoff,1
Zeghouf,1
Ziane,1
Zoutu,1
alem,1
CHLOUP,1
Yvroud,1
ZAGHET,1
ZAMORD,1
ZAZOUN,1
ZEHAF,1
ZELLER,1
ZIADY,1
CARLIER,1
CARNEIRO,1
CARPE,1
CARRIERE,1
CASALE,1
CATHUS,1
CAUCHIE,1
CALIX,1
asseline,1
aurias,1
ayral,1
bailet,1
ballard,1
barre,1
baurens,1
CARFANTAN,1
CHAMMOUGOM ANNO,1
CHAMPAGNE,1
CHANE-HONG,1
amiel,1
ammoura,1
amrani,1
arhant,1
arribage,1
CAZAUX,1
CECCALDI RAYNAUD,1
CESARO,1
CESBRON,1
CHABERT,1
CHABREYROU,1
CHAILLOUX,1
CHALLANT,1
Bulou,1
Burrus,1
Bustos,1
Béraud,1
Béregovoy,1
Bérenger,1
CADART,1
CAHENZLI,1
bertile,1
besserve,1
bethoul,1
bezirard,1
bissiere,1
boire,1
bonthoux,1
Buissette,1
CAP,1
CAPELLE,1
CAPITAIN,1
CARBONNEL,1
CAREME,1
belloc,1
benoist,1
bergerol,1
CALVO,1
CAMBRAYE,1
CAMINADE,1
CANAGUY,1
CANEVET,1
CANNET,1
CANOVAS,1
CANTIN,1
Brero,1
Brethes,1
Breuille,1
Briat,1
Briero,1
Brignon,1
Bringer,1
Bruel,1
bustin,1
cabecas,1
Branz,1
Brasier-Clain,1
Brassac,1
Brau,1
Bravo,1
Brenier,1
boudjellaba,1
boutin,1
bouzaida,1
boyer,1
bramoullé,1
brial,1
broquet,1
buron,1
CAILLEAU,1
CAKIN,1
CALACIURA,1
CALBERG-ELLEN,1
CALDERONI,1
CALINON,1
boucher,1
boudinelle,1
Bourdelain,1
Bourdin,1
Bourgeais,1
Bouriat,1
Bourret,1
Bousquet-Pitt,1
Boutleux,1
Bouyssonnie,1
ceaglio,1
cernon,1
chailan,1
chailloux,1
Bouisson,1
Boukhenoufa,1
Boulard,1
Boulet,1
canayer,1
carvalho,1
cassez,1
castellani,1
catelinois,1
cayet,1
caymaris,1
cazaux,1
Brulebois,1
Brun-Mandon,1
Brunel,1
Bréant,1
Bréjeon,1
calmette,1
cambraye,1
camilla,1
Bony,1
Borcard,1
Borgerhoff,1
Bossart,1
Bosselut,1
Boubée,1
Bouchard,1
Bouchy,1
cohard,1
coquard,1
coquelet,1
Bompar,1
Bonamy,1
Bonmay,1
Bonneau,1
Bonnefoy,1
chekouat,1
cheron,1
chevalier,1
chilini,1
chiodi,1
choain,1
clemente,1
clio,1
Bovet,1
chambe,1
chapellon,1
charlier de vrainville,1
charpentier,1
charrette,1
chasseing,1
chassot,1
Benharous,1
Benimeddourene,1
Benmarnia,1
Bentz,1
Bergeret,1
Bernardie,1
Bertholom,1
Besancenot,1
damiati,1
daniel,1
dario,1
darthou,1
dazas,1
de Choulot,1
Benarroche,1
Benassayag,1
Boiron,1
Boisseaux,1
courtois,1
coutant,1
coutel,1
crampe,1
cros,1
damergy,1
Beyrie,1
Bierry,1
Blandiot-Faride,1
Blanluet,1
Blassel,1
Blet,1
Blond,1
Bodin,1
Balon,1
Barbe,1
Bardella,1
Bardot,1
Barthe,1
Barthe Cheneau,1
Batiot,1
Batoux,1
de balorre,1
de beauval,1
de la Gontrie,1
de la provôté,1
de lombard de montchalin,1
de valroger,1
debeunne,1
Ballet épouse Bony,1
de Contenson,1
de François,1
de Joussineau,1
de LA FAIRE,1
de LEGGE,1
de Laurens,1
de Meyrignac,1
de Montesquiou,1
Bever,1
Beaumont,1
Belda,1
Bellanger,1
Bellurot,1
Belrhiti,1
Beltran,1
Benabdillah,1
BREUGNOT,1
BRIENS,1
BRILLARD,1
BRIN,1
BRINON,1
BROCHET,1
BROSSE,1
BRUGERE,1
dirat,1
dorchies,1
doublet,1
duflot,1
dupic,1
dupont,1
durrieu,1
BRETIN,1
Bacha,1
Backes,1
delabre,1
delpech,1
deprince,1
deslattes,1
desmots,1
di GERONIMO,1
Bauchez,1
BRUZAC,1
BUHL,1
BURGAT,1
BURKHARDT,1
BURLE,1
BUSSIRON,1
Baas,1
BRAUCHLI,1
BREDENT,1
BREEMEERSCH,1
BREILLAT,1
BREMAUD,1
BRES,1
BRETEAU,1
BOUDOUBE,1
frontoni,1
gallier,1
BOUTELOUP,1
BOUTRUCHE,1
BRAND,1
BRANDOLIN-ROBERT,1
BRAS-DENIS,1
BRAU,1
fabron,1
faye,1
fort,1
fortias,1
fortinon,1
fouchier,1
fournier,1
francois,1
BRUNMUROL,1
dusart,1
duveaux,1
duwez,1
el khalfaoui,1
engel,1
espagnac,1
ettazaoui,1
gros,1
BONTE,1
BOREGGIO,1
BORGHI,1
BORNET DUCHATEAU,1
BOTELLA,1
BOUCAUD,1
BLEUZET-CARLIER,1
gilles,1
gineste,1
godard,1
godefroy,1
golliot,1
gossa,1
gouffé,1
gras,1
BOURHIS,1
BOURNY,1
BOURRETERE,1
BOURSIER-MOUGENOT,1
BOUSQUET,1
galpier,1
gherardi,1
ghigonetto,1
BOUGAREL,1
BOUIT,1
BOULANGE,1
BOULAY,1
BOULTAM,1
BOURBIGOT,1
BOURDONCLE,1
BOURELLY,1
kieffer,1
BIBERON,1
BICAIS,1
BIDAULT,1
BILA,1
BILHAC,1
BILLY,1
BIRAS,1
janvier,1
jean francois,1
jerome,1
jouin,1
kahlal,1
kerbrat,1
khaldi-bououghroum,1
khoutoul,1
BONIN,1
BONNEFOI,1
haas,1
haquin,1
herry,1
houguet,1
huchet,1
humbert,1
BLINT,1
BLÉHER,1
BOBLIN,1
BOFFET,1
BOILEAU,1
BOISON,1
BOISSON,1
BOISSOT,1
BESSIERE,1
BESSON FAYOLLE,1
BEUZE,1
BIBAL DIOGO,1
BENAHMED,1
BENEZET,1
BENEZET usage ANDREOTTI,1
BENKACI,1
BERRIER,1
BERROU,1
BERTHELOT,1
BERTHOLLE,1
BERTHOUX,1
BERTIER,1
BESANCENOT,1
BESNARD,1
laprébende,1
lascombes,1
le bougeant,1
le breton,1
le gall,1
le jeune,1
lebrun,1
BERQUET,1
BIRCK,1
BISAUTA,1
BITEAU,1
BIZET,1
BLAISE,1
klein,1
labbé,1
laporte,1
BEGEL,1
BEGOUT,1
BEHOTEGUY,1
BELLEGARDE,1
BELLEVILLE,1
BELLIOT-DELACOUR,1
BELLONI,1
malet,1
liscia,1
macario,1
magne,1
maillard,1
maistre,1
BEAUTÉ,1
BECHU,1
BEDAGUE,1
leclerc,1
leclercq,1
lecourieux,1
ledoux,1
lemare,1
leroy,1
leveugle,1
lheureux,1
BERAIL,1
BERANGER,1
BERDOU,1
BERGE,1
BERGEAL,1
BERGERON,1
BERNIGAUD,1
BERNOS,1
BEAUDEUX,1
BEAUJARD,1
BEAULNES-SERENI,1
mignonet,1
moelo,1
mohamed ahamada,1
monchy,1
morange,1
BAULIEU,1
BAURUEL,1
BAVAY,1
BAY,1
BAZILE,1
BAZUS,1
BEATRIX,1
BEAUCOUESTE,1
mesnard,1
messager,1
meunier,1
michalak,1
michaud,1
BASTID,1
BAUDOUIN,1
BAUDU,1
malfar pauga,1
marais,1
martineau,1
masson,1
maurin,1
maury,1
meriaux,1
merle,1
BARNAY,1
BARRAUD,1
BARRIERE,1
BARRIOL,1
BARTOUT,1
BASQUIN,1
Auriac,1
BA-TALL,1
BANGOU,1
BANNIER,1
BARAT,1
BARBARAS,1
BARBE,1
BARBUSSE,1
BARDAIL,1
BARDINOT,1
nieson,1
noris,1
nublat-faure,1
ollivier,1
onteniente,1
padilla ratelade,1
BALDES,1
BALLENGHIEN,1
morez,1
morineaud,1
muller,1
musial,1
nanchi,1
nantier,1
navarret,1
nebout,1
Arnaud,1
Aron,1
Arrouy,1
Artigalas,1
Aschieri,1
Assié,1
Athanaze,1
Audrin,1
poulet,1
pouzergue,1
Antier,1
Arcanger,1
Arciero,1
Arenou,1
Arias,1
Armand,1
papadato,1
pargade,1
pausé-Damour,1
perrot,1
peyre,1
piau,1
pimonow,1
piron,1
BACK,1
BAECHTEL,1
BAELDE,1
BAGADI,1
BAKIRI,1
BALARDY,1
palazzetti,1
paoli-gagin,1
AUDEBERT,1
AUDEGOND,1
AUDEGUIL,1
AUDET,1
AUDIBERT,1
AUGUSTINE ETCHEVERRY,1
AUSINA,1
AVERLY,1
rapha,1
rethore,1
revel,1
riglet,1
riviere,1
rodier,1
roesch,1
rousselin,1
Andrieu,1
Andrieux,1
Androuët,1
André,1
Anfray,1
prost,1
rabeteau,1
rampelberg,1
Alexis,1
Alléon,1
Alonso,1
Alpy,1
Altounian,1
Amah,1
Amico,1
Anderhueber,1
vacher,1
ACCARION,1
ABRANOWITCH,1
yvon,1
ABRAHAM,1
zedet,1
ABELIN-DRAPRON,1
Mandon,1
tenoux,1
testud robert,1
thizy,1
thomas,1
tillard,1
touzard,1
touzet,1
vabre,1
ANDAMAYE,1
ANDREYS,1
ANDRIEUX,1
ANGELINI,1
ANNEREAU,1
solana,1
souilliart,1
stengel,1
ALLIES,1
ALOE,1
ALORY,1
ALPHA,1
ALSTERS,1
ALZURI,1
AMMAR,1
AMOA,1
MUNCH,1
MURATET,1
Magne,1
Mahieux,1
MORBOIS,1
MORELL SAMPOL,1
MORERE,1
MORICONI,1
Maury,1
May,1
MOUREN,1
MOURET,1
MOUSSET,1
MOUSSOUNI née CARIOU,1
MOUTAMA CHEDIAPIN,1
MULOT,1
Martinie,1
Maréchal,1
Mathieu,1
Maubé,1
Maudet,1
Mauffrey,1
Maunier,1
Maupertuis,1
Marias,1
Marimoutou-Tacoun,1
Marin-Khoury,1
Marion,1
Marne,1
Marsac,1
Marsigny,1
Martinage,1
