nom,total_wealth
briand,691165382.0
PELLENC,169165656.0
MARTIN,97023523.0
Crémont,93187917.0
Renaud Garabedian,72178400.0
COUTIERE,68947932.0
Maillard,55665800.0
VERNY,49020000.0
Ferracci,45344895.0
MORIN,41331154.0
DOMINICI,40897236.0
Morel,40641109.0
Cayeux,37749612.0
DUBOST,36334405.0
Fountaine,35000000.0
MICHOUX,27865644.0
Ruelle,25357407.0
LEROY,25073634.0
Alfandari,23049705.0
PEROTTINO,22769265.0
Riester,21334739.0
Lombard,21021514.0
Vogel,20695052.0
MIRAVETE,18776500.0
PARA,17989898.0
Muselier,17426379.0
JOURDAIN,15789500.0
Pecresse,14638522.0
BLANCHET,14275814.0
BLANC,14072141.0
CECCOLI,14054910.0
Levy,13476634.0
RUAS,12905030.0
VIALATTE,12349874.0
marolleau,11116025.0
POMERET,10796968.0
PAINEAU,10309486.0
TREMEGE,10287284.0
RIGAUD,9803712.0
de JENLIS,9735854.0
Copé,9657567.0
DE CANSON,9656500.0
CADIC,9210000.0
Giscard d'Estaing,9079786.0
chartreux,8513448.0
CHATILLON,8489733.0
GIRARD,8229513.0
Missoffe,8098954.0
de NICOLAY,8000000.0
FAYSSAT,7762994.0
naegelen,7550043.0
Bernard,7143388.0
de Lasteyrie,6542225.0
Roques,6528052.0
LASSALLE,6320607.0
beauchamps,5940000.0
DE MONTGOLFIER,5750512.0
NOUGEIN,5379076.0
dario,5301000.0
JENFT,5274049.0
vigier,5168930.0
de Bourrousse,5000000.0
NOUVELOT,4953965.0
jardé,4659604.0
HOURQUET,4375656.0
Sido,4097790.0
POINTEREAU,4058316.0
Pezzetta,4024036.0
DOUCET,4002682.0
LAPORTE,3932000.0
PLAGNEUX,3922798.0
NICOLAS,3681406.0
BATAILLE,3628545.0
PEDUZZI,3611481.0
COLIN,3585172.0
Méary,3584166.0
Firmin Le Bodo,3571735.0
Callet,3560000.0
Jamet,3555915.0
IMBERT,3533084.0
PERAZIO,3450810.0
ISABELLE,3351085.0
Blanchet,3341606.0
Braun-Pivet,3311904.0
TEMARU,3262373.0
CHAIX,3231525.0
BRARD,3100000.0
BENEVENTI,3084768.0
Thieriot,3061500.0
lucas,3039691.0
BELIN,3020800.0
BREMOND,2931504.0
GENIS,2922458.0
JULLEMIER,2800000.0
Leroy,2798392.0
de bazelaire,2759932.0
VEAU,2753106.0
vogel,2652280.0
DAUSSAN-WEIZMAN,2642844.0
Gras,2559982.0
Hugonet,2541057.0
MILLION,2534930.0
DUPIRE,2500000.0
Battail,2362040.0
SAEIDI,2351948.0
Sautarel,2282363.0
zerkani,2279019.0
SEBEYRAN,2263166.0
Bringer,2230251.0
DE CALAN,2214000.0
NIRLO,2198829.0
Bercault,2184000.0
SERRUS,2180376.0
GINESY,2145500.0
meriaux,2144400.0
LEDOUBLE,2125100.0
PIGRENET,2080506.0
ROULLE,2080000.0
DOMEN,2066668.0
GUICHARD,1970250.0
michel,1969032.0
VIAUD,1965951.0
FISCHER,1962500.0
THIRIET,1950026.0
Joyandet,1948100.0
THIEN AH KOON,1901928.0
Cazabonne,1882244.0
FICHERE,1869000.0
Riffaud,1835544.0
GUILLON,1832000.0
pericard,1810604.0
PAUGET,1810046.0
JULIEN-EMMANUEL-LUREL,1800000.0
DARRASSE,1790120.0
Amar,1771000.0
PETIT,1767566.0
Gassilloud,1760800.0
Phélippeau,1712700.0
BABOUHOT,1690200.0
DEVAUTOUR,1685449.0
JACQUEMET,1685403.0
RIGOLLOT,1675972.0
HURMIC,1666000.0
BAZILLE,1656000.0
GERARD,1655104.0
GRIGNON,1650000.0
SCHMIT,1646241.0
LECOUFLE,1637721.0
Dejean de La Batie,1620000.0
DEJOIE,1608600.0
soussi,1591500.0
menache,1580228.0
CONCAS,1571000.0
AMSLER,1535760.0
LEGENDRE,1534500.0
Barraud,1530000.0
de Carolis,1530000.0
ANGELRAS,1520668.0
Armanet,1476316.0
Lemoine,1454087.0
Garnier,1448007.0
CAZENEUVE,1437288.0
Meunier,1434327.0
SAURY,1422662.0
SANTONI,1400000.0
LOUWAGIE,1357711.0
de Pélichy,1350800.0
DURANTON,1343900.0
Heinrich,1337910.0
DAVID,1291577.0
Girardot Moitié,1291500.0
ASSEH,1290000.0
MANGIN,1282705.0
LE PEN,1280256.0
Chappaz,1274039.0
MICHEL,1250708.0
NEUVY,1249202.0
Grosperrin,1247488.0
HUGUET,1236060.0
MINIOU,1224000.0
PERRION,1208000.0
LEBIGRE,1200000.0
VON-PINE,1200000.0
MEIGNEN,1182000.0
Kalfon,1176768.0
Terrier,1176474.0
gargani,1176140.0
LASSARADE,1173831.0
BOURDOULEIX,1171242.0
Disdier,1165732.0
Dechy,1160000.0
Papadopulo,1150000.0
ALAIN,1149398.0
MARAULT,1138000.0
SELLIER,1121650.0
AUGIER,1117132.0
Guyader,1111533.0
HART,1103531.0
BILLON,1097000.0
Denormandie,1088805.0
WARSMANN,1080526.0
Bonnus,1080000.0
stassinos,1078566.0
Torloting,1075040.0
de Carville,1056048.0
DROMIGNY,1043920.0
chalopin,1038632.0
Mulot,1030000.0
Mebarek,1023099.0
grange,1016608.0
VUILLEMIN,1006200.0
PERRY,1005544.0
PIERRE,1000000.0
Thoraval,1000000.0
DUCOUT,1000000.0
WEILL,972288.0
de LEGGE,957250.0
MARLIN,954000.0
Isaac-Sibille,951247.0
GOULET,945435.0
Galy,945000.0
BERTAIL,941830.0
Dussaubat,940000.0
Bazin,935082.0
Dambach,930750.0
ROUSSET,924098.0
Poniatowski,918400.0
PEILLEX,905724.0
GAY,903000.0
Marimoutou-Tacoun,902980.0
Masquelier,900000.0
GALAND,885000.0
SUSZYLO,881719.0
louault,878082.0
Gest,856908.0
DUGOURD,855135.0
olivier,854669.0
Bourel de La Roncière,854034.0
vernin,852666.0
Richefou,845000.0
BERTRAND,843000.0
MOREAU,839693.0
perrin,830142.0
LISNARD,822885.0
JOLIVET,821469.0
CAMPELLO,817500.0
Minard,813400.0
COULON,810300.0
rousseau,809589.0
BORDES,809532.0
jeandon,808496.0
pustorino,806484.0
PARENT,804378.0
damergy,800000.0
ghigonetto,800000.0
Guillou,796978.0
KERNEIS,792000.0
Omarjee,790810.0
TERRAIL NOVES,790663.0
Gastinne,781588.0
Berthet Cottarel,769617.0
Hénaff,769140.0
QUILLET,766085.0
Turquois,765139.0
ROCHETTE,757946.0
VALOIS,752236.0
COLOMBIER,751187.0
Virapoullé,750548.0
WATELAIN,749000.0
CHAZAL,743501.0
Ruffin,741382.0
TEMAL,736842.0
Fabre,733212.0
POTEAU,727254.0
MAZY,726543.0
PANONACLE,726505.0
Patrier-Leitus,720020.0
STRAMBIO,718500.0
Gatault,715184.0
PORCQ,713000.0
RIBOUT,712500.0
Rivière,710199.0
Ségneré,701942.0
CHASSEING,700000.0
AUDOUY,697554.0
Gendraud,694300.0
Trupin,684119.0
SALVADOR,677076.0
BILDE,675204.0
BLANCHÉ,672000.0
vautrin,667400.0
GROS,665625.0
pechenard,661932.0
GIRONCEL,655806.0
COURTIAL,652944.0
GAYSSOT,652936.0
MONNIER,652000.0
panosyan-bouvet,649518.0
BRUNMUROL,649229.0
de la Verpillière,647400.0
BELLANGER,647378.0
de Lépinau,643434.0
gomont,643372.0
CHAUVET,641000.0
SUCK,638620.0
FUCHS,637730.0
Charton,633680.0
PROUST,633424.0
Courtois,632814.0
VENTRON,632465.0
khalifé,628950.0
Samat,627840.0
Vincent,625134.0
Rousselot,619046.0
Gerbaud,617848.0
Hollande,616657.0
BONNET-VALLET,614000.0
Rivery,613000.0
AUBERT,611930.0
Durruty,611880.0
LARCHER,611692.0
LAGARDE,605219.0
MOUTON,601375.0
FROGIER,600820.0
Labaronne,600000.0
DA SILVA,600000.0
Engrand,599300.0
Imart,595034.0
D'INTORNI,594025.0
VIDAL,592187.0
ARNAUD,591878.0
NIQUE,580000.0
SCHRECK,577850.0
GREAUX,573800.0
GUIGUE,571974.0
Debil,570421.0
Ramdane,570000.0
Ouzilleau,569004.0
SORET,568600.0
Forissier,563768.0
FORESTIER,562000.0
cornillet,560550.0
Dromain,556838.0
PARIGI,556800.0
LAGOURGUE,549743.0
LAM,546866.0
FOURNIER,543599.0
pouzergue,540100.0
MATHONIER,537954.0
Alexandre,536419.0
Lang,535262.0
Donath,535135.0
Faucher,535000.0
LE PEIH,532221.0
BRUNET,529928.0
MOURRA,529276.0
Letchimy,529000.0
PENA,523976.0
dubay,512795.0
cavanna,510000.0
ZINGRAFF,510000.0
MOUSSET,510000.0
ROSEREN,509675.0
PLANTE,508421.0
ALLOTO,508300.0
DORTE,507524.0
Yavuz,505000.0
Pozmentier,502600.0
Marsigny,500439.0
Cuillandre,500300.0
lagier,500000.0
COLLART,500000.0
Mercier,497426.0
MARCILLY,496500.0
LAVIT,490000.0
HERVIEU,488220.0
DUFFOURG,486960.0
capdevielle,486872.0
MOREL,486687.0
PIEDNOIR,485698.0
zuili,485510.0
KOSSOWSKI,485328.0
FABREGOUL,482000.0
OZENNE,481500.0
Cinieri,480045.0
Gosselin,480000.0
REID ARBELOT,479663.0
ANGELINI,479523.0
Lochmann Beaujour,476840.0
ALLEGRET-PILOT,475806.0
Corne,472500.0
FRICOUT,471347.0
BAY,467304.0
LETRILLART,466753.0
simeoni,462800.0
SEGUIN,454150.0
Chorain,450000.0
EPINAT,448400.0
Pozzo di Borgo,443080.0
Lahiani,441705.0
LHEUREUX,440706.0
SURLE-GIRIEUD,440436.0
DE CARVALHO,438353.0
cambon,432094.0
Chaize,432000.0
RAVOT,430246.0
Farreng,429000.0
FLEURY,426500.0
BERNARD,426435.0
LOMBERTIE,422816.0
Huyghe,417093.0
GINER,415829.0
HUNAULT,406950.0
Markowsky,401740.0
metzdorf,401600.0
PERRUT,401179.0
MARCHAND,400000.0
RITOURET,400000.0
Gouin,400000.0
THURIOT,399935.0
BLINT,398000.0
AUDEBERT,396017.0
TENENBAUM,394837.0
BRUGERE,393550.0
GODIN,390513.0
Mohamed Soilihi,390000.0
BIBERON,388747.0
BRAULT,386110.0
chasseing,385000.0
MAHET,384741.0
MENONVILLE,384027.0
Fontaine,382500.0
ERRANTE,376115.0
VERSTRAETE,375150.0
RAYNAUD,374988.0
Benabdillah,373803.0
Bournat,372000.0
D’Alguerre,370000.0
MATTEI,368450.0
SERVA,368164.0
Favre d'Anne,367100.0
TALARMIN,361368.0
CHENEVARD,361147.0
Jean-François,360000.0
MAHE,360000.0
Andrieu,357800.0
BENOIT,357510.0
OLIVE,356545.0
BOUARD,355000.0
haquin,354000.0
BRIQUET,352778.0
Medevielle,352000.0
ROSSETTI,350494.0
KORCHEF-LAMBERT,350000.0
MORANCHO CROQUETTE,350000.0
malhuret,344702.0
JACQUE,342221.0
BADIN,340400.0
MULLER-BRONN,339954.0
AMBLARD,339918.0
Le Breton,339713.0
LEONETTI,338914.0
Cholley,335992.0
Hartmann,335008.0
FABRE,333200.0
Fargeot,330300.0
LAERNOES,326903.0
MARSEILLE,324248.0
brissard,320964.0
Habib,320480.0
dumoulin,320041.0
CAZAUBON,320000.0
DELMER,319644.0
RONZIERE,316139.0
Quenette,314348.0
PELLEGRIN,314102.0
Clergeau,312839.0
DARDELET,312400.0
CHERUBINI,310000.0
FAIVRE,308418.0
MILLET,308380.0
Gouverneur,307860.0
Cazeneuve,306566.0
apourceau-poly,303865.0
TEINTENIER,302174.0
monchy,301000.0
ENGRAND,300000.0
risser,300000.0
GERNEZ,300000.0
ROUSSEAU,299049.0
potier,294230.0
GIRAULT,293000.0
GRAPPIN,291759.0
Saulignac,291224.0
PIANETTI,290739.0
Souyris,290142.0
Hoerlé,290000.0
PIANEZZA,287268.0
CHERON,287144.0
germain,287000.0
Pons,285000.0
Sturni,282240.0
LE CORRE,281203.0
Denis,280000.0
malet,280000.0
DEBAT,280000.0
CORNELOUP,279820.0
Rouly,279619.0
ISEPPI,278500.0
TAILLY,276815.0
WINOCOUR LEFEVRE,275830.0
PIMPIE,275764.0
GRAND,273588.0
JUNG,273276.0
MILLER,272736.0
Dati,270826.0
Dupont,269736.0
THILLAYE,269202.0
GORIOUX,268722.0
MIRALLES,268688.0
RODINGER,268584.0
MOURIER,266358.0
Raynaud,265000.0
DESTAILLEUR,264900.0
PELLICANO,262443.0
CHIKIROU,261706.0
Dauré,260000.0
Boussard,260000.0
ATTAL,260000.0
meunier,260000.0
SCHMITT,258032.0
Bonfanti-Dossat,253628.0
MAGNIER,252780.0
Masson,251000.0
POIRIER,251000.0
Marini,250366.0
Pradié,250000.0
TOE,250000.0
LE GRAND,250000.0
BUGIS,249681.0
labarthe,249585.0
LEMASSON,247730.0
Cauwel,245240.0
VETILLART,244000.0
QUERO,242250.0
LE YONDRE,242010.0
HOMMET,242000.0
MESSAGER,241467.0
ARTIGNY,241119.0
PITON,240967.0
BOUCHET,240016.0
Fouré,240000.0
COLOM,240000.0
SEROUX,240000.0
TREGUER,240000.0
BRACQUEMOND,239814.0
Rauch,239800.0
Garrabe,238970.0
PERRET,238319.0
HIDRI,237500.0
reichardt,237279.0
Delesalle,237065.0
Coail,237047.0
Clément,235576.0
BONHOMME,235492.0
Isnard,235166.0
DUTERTRE,234150.0
bonhomme,233554.0
FERRER,232307.0
BECHU,230000.0
JOSSERAND,229920.0
lebrun,227334.0
Campy,226380.0
MEGGIATO,225554.0
gosselin,225078.0
ARRIVE,225000.0
brochot,224850.0
condomitti,224265.0
DESCROUET,223875.0
DURIMEL,222450.0
Jesson,221488.0
nassah,220000.0
LOQUET,215600.0
GAILLARD,215000.0
Thionnet,214676.0
Peyroulet,213853.0
bergerol,213315.0
BAUDOUX,212822.0
de Choulot,211630.0
CUVILLIER,211407.0
CAZENAVE,211344.0
Albertini,211074.0
DELATTRE,211050.0
Ferrand,210844.0
CESARI,210620.0
RURUA,210000.0
Simonet,210000.0
Bres,210000.0
lecamp,209172.0
PRIOUX,208045.0
dauchelle,205000.0
LECLERC,202406.0
HERZOG,201114.0
Chassaubéné,201000.0
lagarde,200954.0
Monin,200500.0
HAITI,200352.0
FROMANTIN,200000.0
ANDREYS,200000.0
FAURE,200000.0
nebout,200000.0
BOCQUET,200000.0
Pelleteur,200000.0
ZAZOUN,199021.0
RONCIERE,198184.0
Muriel,197500.0
keloua hachi,195000.0
Daubet,194100.0
MEYER,194000.0
DENOUES,192000.0
GERNIGON,191500.0
ARNAULT,189359.0
Bédier,189004.0
CANAYER,188997.0
Brichet,188716.0
BONIN,188000.0
BRACCO,186000.0
Baldy,186000.0
barruel,185875.0
karam,185000.0
GAZAY,185000.0
GOMART,184000.0
le breton,183328.0
Thiébaut,183274.0
SAULNIER,180560.0
CUISSET,180000.0
Gonzalvez,180000.0
tukumuli,178638.0
COSTE,177713.0
HUVET,177226.0
fouassin,175321.0
ROME,175000.0
LIPSOS-SALLENAVE,173478.0
DHAMY,173340.0
Fouché,173181.0
DESEILLE,172675.0
SPET,172006.0
LESUEUR,170040.0
GENDROT,170020.0
LAFON,167100.0
Léger,167040.0
EAP,166773.0
Garot,166306.0
Midy,165599.0
FESNEAU,164750.0
Le Bourgeois,162112.0
FAVREAU,162096.0
Detavernier,161903.0
Coste,161100.0
ROMAGNY,160000.0
DELL AGNOLA,160000.0
AKPINAR-ISTIQUAM,160000.0
MASSET,159991.0
DURAND,159989.0
SACCANI,159356.0
YADAN,158665.0
BEAUCOUESTE,158475.0
MERCIER,158418.0
GRANDJEAN,158009.0
Leblanc,157809.0
VIRY,157642.0
CANARD,157500.0
FAUTRA,157500.0
Toranian,157000.0
Desprez,156900.0
dumas,155496.0
Cathelain,155122.0
Liso,155013.0
bonnet,154800.0
VALORGE,153750.0
GARRON,153534.0
GUEDJ,153502.0
De Beule,152640.0
Hameau,152320.0
JACQUIN,152256.0
woerth,152000.0
Nahant,151980.0
PHILIPPE,150105.0
brial,150000.0
Henrion,150000.0
saint-paul,150000.0
Pestre,150000.0
BELLEVILLE,150000.0
vasselin,150000.0
BERETTONI,150000.0
Belot,149694.0
Pelanne,149000.0
MARIE-LOUISE,149000.0
Fontimp,147528.0
Klinkert,145372.0
RAINVILLE,145228.0
joly,144207.0
BAYLET,144006.0
DELPY,144000.0
paoli-gagin,142536.0
VARAUT,142000.0
ROMELLE,141090.0
MELCHIOR,141049.0
LENFANT,140000.0
homehr,140000.0
LE MEUR,139929.0
KARAMANLI,139800.0
billault,139054.0
Gatel,138082.0
Daniel,136235.0
Chalumeaux,136150.0
MATHIEU,135108.0
LE MOULLEC,135000.0
Semler-Collery,134986.0
GOBLET,134238.0
Guiraud-Chaumeil,133826.0
MOUNIER,133400.0
GLEMOT,132892.0
DEVALLEE,132465.0
BEHOTEGUY,131845.0
MARCHIO,131001.0
Michelet,130000.0
JUVIN,128870.0
vallet,128693.0
BILLOT,128000.0
FISCHER PATRIAT,127894.0
MILON,127500.0
LAMQUET,127500.0
AROSTEGUY,126951.0
BAPTISTE,126675.0
PONS,126400.0
Belleval,126344.0
ROY,125736.0
morel,124890.0
TERLIER,124252.0
de COURSON,124245.0
Christophle,123188.0
PERRAUD,122908.0
CORDIER,120073.0
Bouchez,120000.0
BOUTRUCHE,120000.0
Audrin,120000.0
DESSEAUX,120000.0
CHENEAU,120000.0
LEDUC,120000.0
CHIAVASSA,119880.0
Monnet,118898.0
LATOUR,118790.0
Le Nagard,118716.0
Stern,118137.0
Cotterlaz-Rannard,116632.0
PALACIN,115515.0
BOLZE,115200.0
MUNCK,114284.0
Bourleau,114213.0
Mansour,114000.0
SIMIAN,114000.0
HIRAUX,113800.0
AT,113456.0
Vercamer,113400.0
Bazin-Malgras,112594.0
JOLY,112440.0
Fostier,111600.0
PELISSIER,110844.0
DUBLANCHE,110500.0
de russé,110415.0
DUTIN,110203.0
MOTTE,110000.0
HAREUX,110000.0
tillard,108625.0
Chain-Larché,108248.0
Minarro Baudouin,108218.0
BOEDEC,107861.0
HURELLE,107600.0
Robert-Dehault,107036.0
Cristiani,106400.0
Laëtitia,106359.0
nury,105000.0
DASTILLUNG,104899.0
DAUBRESSE,104725.0
GEHANT,104139.0
LENOURRICHEL,104000.0
Narassiguin,103898.0
SELLY,103500.0
Gautier,103200.0
Robert,103128.0
BRIERE,102695.0
chapuis,101506.0
ROTOLO,101500.0
HERBILLON,100800.0
HUBERT,100315.0
DARY,100114.0
Gisselbrecht,100000.0
sandragne,100000.0
BORRE,100000.0
courtel,100000.0
MONTECOT,100000.0
Brun,100000.0
GREGOIRE,100000.0
durrieu,99920.0
MESLOT,99711.0
Lengereau,99640.0
DEVINAZ,98713.0
FRAPPE,98044.0
Werbrouck,97885.0
bazile,97648.0
LEVADE,96937.0
Guilloteau,96860.0
LOCQUET,96700.0
BOST,96210.0
SEJEAU,96000.0
AVEROUS,94807.0
Le Liboux,93599.0
Ferré,93515.0
Gobert,92966.0
Chevillard,92501.0
BEGEL,92400.0
Bay,91725.0
TROADEC,91654.0
DUPONT,91597.0
Faure,91521.0
Marion,91250.0
GENTIL,90717.0
SEGAUD,90624.0
Casterman,90585.0
DUQUESNE,90000.0
VERRIER,90000.0
LERMAN,90000.0
LACOMBE,90000.0
JEAN-LOUIS,89400.0
MAZARS,88770.0
ARLABOSSE,88360.0
Félix,85254.0
MANCUSO,85119.0
CHARGUEROS,85091.0
LESCOUTE,84810.0
VASSET,84727.0
PONCET,84118.0
HOUPERT,84000.0
BORGOO,84000.0
delaire,83925.0
PANIFOUS,83531.0
Bichet,83516.0
badenas,83000.0
PIRON,82467.0
Aubourdy,81250.0
HOCQUELET,81250.0
BELLAIS,81000.0
CHEVALLIER,80639.0
Lavarde,80565.0
Vos,80020.0
LAMY,80004.0
Tavernier,80000.0
Nédélec,79290.0
DREYSSE,79000.0
Mellinger,78836.0
Germanangue,78400.0
DEWIT VAN STYVENDAEL,77875.0
Taite,77750.0
LE FEUR,77165.0
CANNET,77000.0
daragon,76943.0
rudisuhli,76440.0
BERNO DOS SANTOS,75850.0
RAPP,75605.0
KBIDI,75245.0
VIALA,75200.0
Charafe,73914.0
Hehn,73300.0
MONNET,72800.0
DELAUTRETTE,72500.0
maistre,71700.0
COURTES,70989.0
JABLONSKI,70710.0
CHRISTOPHE,70150.0
DUNOD,70092.0
Blinette,70000.0
POUSSIER,70000.0
kahlal,69000.0
Bompard,68956.0
BULTEAU RAMBAUD,68601.0
Daubié,68600.0
Guigue,68301.0
Nicolas,67742.0
Desforges,67581.0
Michaud,67330.0
Bouquet,67064.0
SOULIER,66808.0
BEAULNES-SERENI,66798.0
ayral,66000.0
FRANÇOIS,65443.0
ARMAND,65268.0
Hamelet,65252.0
Calvat,65000.0
GUYON,64638.0
Hagenbach,64579.0
DAUGERON,64390.0
BOUAMRANE,64386.0
Bigot,63715.0
Aubin,63172.0
PEREZ,62650.0
Grasset,62500.0
BRANCOUR,62500.0
cefis,62500.0
DESVERONNIERES,62371.0
GORDAT,60924.0
Ledeux,60550.0
GREMILLET,60224.0
mignola,60100.0
LE NABOUR,60000.0
blanchard,60000.0
Lake,60000.0
DELGA,60000.0
TERIITAHI,60000.0
kuchel,60000.0
Henry,59865.0
FREY,59292.0
EME,58648.0
Dubois,58397.0
BRES,58223.0
BIRAS,58168.0
Ott,58022.0
SADI,57750.0
LAURENT,57322.0
coulon,56053.0
Ozenne,56000.0
Gontard,56000.0
DENIS,55800.0
BETTATI,55625.0
LEFEVRE,55582.0
FRISTOT,55533.0
Auzou,55000.0
CUENOT - STALDER,55000.0
DESCHIENS,54704.0
CORROLLER,54572.0
LEVI,54473.0
CADEC,54426.0
DINDAR,54004.0
bertrand,54000.0
SANDEVOIR,53928.0
JARRASSIER,53000.0
PETRONIO,52931.0
STANZIONE,52599.0
PAHUN,52500.0
PAOLI,52396.0
NICOLIN,52252.0
bezirard,52000.0
canfin,52000.0
Werner,52000.0
PEES,51037.0
Cordier,50973.0
GENOLHER,50916.0
crampe,50000.0
BOUDIER,50000.0
BESSIERE,50000.0
tenoux,50000.0
Bever,50000.0
SUEUR,50000.0
alleman,50000.0
Le Ray,49537.0
Piolle,49434.0
SOLLOGOUB,49381.0
CHAVENT,49348.0
MORIN-DESAILLY,49152.0
GUINIOT,48576.0
LAHORE,48299.0
CROSS,48299.0
Adam,48141.0
ZOBDA,48000.0
Goy-Chavent,47407.0
BRIAND,47250.0
Girard,47091.0
GRENOT,46900.0
MENARD,46408.0
CHEVROLLIER,46268.0
KLEIN,46207.0
Benassayag,46000.0
HORY,45954.0
Nordman,45848.0
SANQUER,45661.0
DUBOIS,45420.0
LOUBET,45418.0
Bluteau,45000.0
Mangrolia,45000.0
VEYRIRAS,45000.0
SOURISSEAU,44994.0
LAFON GAUTHIER,44853.0
Bouty,44400.0
belleil,44120.0
RAY,44054.0
FIEVET,43866.0
LE DOARE,43801.0
VALLA,43505.0
CHAPOTON,43500.0
Vanlerenberghe,43345.0
THOMAS,43172.0
Patoux,42686.0
Patient,42496.0
SEIGNÉ,41898.0
DIRX,41458.0
Taupiac,41442.0
BONNEFOND,40973.0
calas,40405.0
TOULLEC,40400.0
NOEL,40320.0
Le Bechec,40000.0
Allemand,40000.0
Cottigny,40000.0
Froment-Meurice,40000.0
Delage,40000.0
Camus,40000.0
LINGEMANN,40000.0
Falcon,40000.0
herry,39900.0
TCHOBDRENOVITCH,39606.0
arsac,39000.0
MICHAU,38907.0
CLICQ,38817.0
Cuénot,38297.0
SCHMIDIGER,37971.0
Lenoir,37959.0
PLOTEAU,37950.0
MUSSINGTON,37050.0
BERNADETTE,36920.0
leclercq,36500.0
Fremiot,36265.0
Lhardit,36000.0
CLODONG,35567.0
LECOCQ,35494.0
codorniou,35460.0
BERRIOS,35405.0
Barrot,35328.0
Bourgeois,35200.0
cousein,35100.0
Mellier,34832.0
LOUVRIER,34500.0
BOULAY,34452.0
Létard,34442.0
ACCARY,34264.0
Castillo,33053.0
ALEDO,33027.0
Cornet-Ricquebourg,32250.0
Provost,32000.0
Panetta,32000.0
LEMAZURIER,31810.0
CERINO,31798.0
Saintoul,31362.0
Rousseau,31271.0
BARRIOL,30866.0
CAVITTE,30620.0
LURTON,30596.0
TORDEUX,30000.0
Delahaye,30000.0
galpier,30000.0
MATT,30000.0
Menhaouara,30000.0
TERMON,30000.0
saint martin,30000.0
BUFFET,29922.0
PILA,29666.0
FUMERY,29200.0
Giletti,29150.0
KANNER,29080.0
Eymeoud,29000.0
Dujols,28800.0
HETZEL,28771.0
Auslender,28000.0
Ribard,27761.0
Mallié,27720.0
BELHADDAD,27326.0
cueff,27190.0
IACOVELLI,26934.0
MARTIN-GENDRE,26858.0
DESEYNE,26727.0
CASSAGNOLE,26543.0
Paumier,26451.0
Lefort,26378.0
fontaine,26372.0
MERINE,26354.0
GRUET,26351.0
CHABAUD,26190.0
DEVEZE,26154.0
Lepretre,26004.0
HUSSON,25679.0
LOUISY-LOUIS,25577.0
Cabri,25500.0
SOW,25500.0
Baloge,25480.0
DURIN,25452.0
DENIEUL,25384.0
Couchot,25333.0
SCHMITTER,25149.0
PRIMAS,25082.0
LAGNEAU,25080.0
Chantrel,25000.0
BAULIEU,25000.0
Duby-Muller,24906.0
STRAUMANN,24708.0
nabenesa,24452.0
GUHL,24384.0
Louchaert,24000.0
JOSENDE,24000.0
Berdoati,24000.0
SIMONIN,23900.0
Ledee,23897.0
Schneider,23240.0
MOLIERAC,23000.0
AVENA,23000.0
BRUTHE,22950.0
LASSERRE,22737.0
Bréaud,22569.0
PARISOT,22560.0
CRIAUD,22400.0
CHAVEROT,22385.0
CANTIN,22000.0
Godinot,22000.0
POULLOT,21342.0
GUITTON,21049.0
JAUNET,20935.0
VALY,20720.0
Esplugas-Labatut,20554.0
Hogard,20500.0
Nadine,20400.0
BRANDOLIN-ROBERT,20400.0
DAVIN,20252.0
Le Callennec,20238.0
CORBISEZ,20215.0
GROSDIDIER,20200.0
Madaule,20183.0
nouhaud,20160.0
Galtier,20000.0
VALTON,20000.0
REDLER,20000.0
LAKRAFI,20000.0
TROUSSELLE,20000.0
LEVY,20000.0
FROMONT,20000.0
VALLOIS ROUET,20000.0
LE GOFF,19978.0
Jacobelli,19881.0
DARRIEUSSECQ,19837.0
camilla,19721.0
Stoebner,19600.0
SABATOU,19200.0
CARRERE,19169.0
Delannoy,18934.0
Ouizille,18833.0
somon,18708.0
Poumirol,18678.0
Jouve,18585.0
RAMOS,18269.0
dufour,18000.0
Soudais,18000.0
Jolly,18000.0
sarda,17700.0
NORMAND,17568.0
BERNIGAUD,17500.0
MOLINOZ,17381.0
MODURIER,17342.0
SOLER,17276.0
Houlès,17247.0
Dabin,17200.0
bethoul,17195.0
Boulogne,17183.0
LURIN,17000.0
Linquette,17000.0
Martin,16980.0
besserve,16845.0
BONNICHON,16800.0
LE BERRE,16377.0
Longeot,16213.0
LANA,16000.0
GENNARO,15980.0
FRANCOIS-DAINVILLE,15871.0
PEULTIER,15800.0
Perrocheau,15618.0
BONNEAU,15600.0
CHABERT,15580.0
yvon,15405.0
gauthier,15400.0
Didier,15246.0
MARTINEZ,15095.0
KOHUMOETINI,15026.0
merle,15000.0
GABORIT,15000.0
MINIER,15000.0
imbert,15000.0
Kerrouche,15000.0
dhelias,15000.0
BOUE,15000.0
OUSSENI,15000.0
COUREAU,14955.0
RIBOULET,14850.0
Houssin-Salvetat,14790.0
POLAT,14659.0
MICHAUD,14599.0
nantier,14526.0
Albouy,14000.0
Decagny,14000.0
SATOURI,13866.0
DREXLER,13860.0
VIGNAUD,13854.0
Foveau,13745.0
POQUIN,13734.0
MARTINS,13644.0
BRETTON,13500.0
HARRIBEY,13100.0
BAZUS,13016.0
DESFOUX,13008.0
BALLENGHIEN,12889.0
VERCHERE,12880.0
CORMIER épse ANDRE,12800.0
JEANSANNETAS,12750.0
HAQUIN,12660.0
BERROU,12415.0
DEKENS,12400.0
PRIOLLAUD,12068.0
Vogt,12052.0
PANNIER-RUNACHER,12036.0
Soulard,12000.0
HINGRAY,12000.0
BRUNEAU,11991.0
lacombe,11974.0
Schlesinger,11869.0
Rougheol,11800.0
Patriat,11795.0
SOREL,11782.0
ABRANOWITCH,11200.0
RECALDE,11200.0
Chapuis,11200.0
Savreux,11164.0
liscia,11010.0
Rechagneux,10978.0
JOUVET,10671.0
RAFAITIN-MARIN,10663.0
ROMERO-MICHEL,10659.0
DESQUESNE,10506.0
demas,10500.0
Laloy,10500.0
moreau,10500.0
BAVAY,10400.0
Grellier,10375.0
DI FOLCO,10272.0
Erremundeguy,10222.0
LEFORT,10158.0
Prieur,10140.0
EIDELSTEIN,10100.0
WOITIER,10100.0
GUSTAVE,10100.0
SAVOUREY,10026.0
HOCBON,10000.0
GARCIA,10000.0
BIHL,10000.0
allaire,10000.0
GAURAT,10000.0
STEFANINI,10000.0
VALLS,10000.0
testard,10000.0
MELLOULI,10000.0
vuillemin,10000.0
Tisné-Versailles,10000.0
Garraud,10000.0
JUIN,10000.0
WAUQUIEZ,9802.0
RIETMANN,9800.0
Verdier,9800.0
LEVASSEUR,9622.0
Turbatte,9600.0
LAVALLARD,9500.0
CARRERE-GEE,9440.0
SMATI,9420.0
Delpeuch,9400.0
PAUL,9343.0
DELHAYE,9291.0
FUGIT,9253.0
DERVILLE,9240.0
LUCZAK,9000.0
BRUNDU,9000.0
BELLIARD,8800.0
lejeune,8743.0
GADENNE,8717.0
Hamida,8622.0
PERINI,8539.0
Ramond,8523.0
Pabritz,8520.0
achalme,8450.0
Irigoyen,8350.0
BUTCHER,8332.0
Martineau,8330.0
Siegler,8280.0
ACCARION,8250.0
VOGEL,8200.0
LATOMBE,8174.0
leveque,8163.0
kollmannsberger,8138.0
Boudineau,8120.0
DARRAS,8040.0
GUEVEL,8036.0
RÉBÉROT,8000.0
CRAMOISAN,8000.0
GILLE,8000.0
BITEAU,8000.0
petiot,8000.0
BALLESIO,8000.0
Charville,8000.0
PICHERY,8000.0
MOUTAMA CHEDIAPIN,8000.0
DEDIES,7973.0
VALLI,7890.0
cozic,7794.0
NIKOLIC,7662.0
Bounes,7644.0
Lungenstrass,7632.0
Pla,7600.0
RAPIN,7559.0
de Montesquiou,7470.0
Nadesan,7424.0
HYBERT,7422.0
ripert,7400.0
cuvelier,7200.0
Leseul,7100.0
BREILLAT,7000.0
BONTINCK,7000.0
GRUDLER,7000.0
SIX,6995.0
Dantec,6964.0
AUDIBERT,6937.0
AESCHLIMANN,6936.0
Ricou,6900.0
LECOINTE,6800.0
Reydy,6760.0
Balon,6754.0
Khouiel,6750.0
Fauconnier,6700.0
MELLERAY,6666.0
JEANSON,6646.0
Bonnet,6600.0
Petex,6436.0
DUPLESSY,6331.0
Bidard,6300.0
Alemany,6292.0
CAKIN,6250.0
LOSBAR,6236.0
FRANCO,6200.0
Bourcier,6063.0
LABELLE,6040.0
SICARD,6027.0
lechanteux,6016.0
TOLASSY,6000.0
Chihi,6000.0
AILLERIE épouse HAMARD,6000.0
Aguiton,6000.0
RENARD,6000.0
GORGES,6000.0
SALAUN,6000.0
Jadot,6000.0
HOMMEL,5970.0
GENOVESIO,5940.0
SAINT MARTIN,5900.0
Barthès,5836.0
COLLIAT-DANGUS,5808.0
AUGIS,5766.0
Matet,5706.0
PAULIAT-DEFAYE,5690.0
LE GRIP,5626.0
abreu goncalves,5618.0
CALVO,5563.0
Cauchetier,5546.0
lafarie,5500.0
BOLE,5500.0
LEROUX,5500.0
MANZARI,5500.0
Tenneroni,5486.0
DEBONS,5400.0
Dolgopyatoff Burlet,5400.0
CANTALOUBE,5357.0
DENIAUD,5266.0
baile,5260.0
SEELS,5100.0
TRE-HARDY,5070.0
MICHALLET,5020.0
GABARRON,5015.0
GENETET,5000.0
Tavel,5000.0
SOUMAILA,5000.0
Duperthuy,5000.0
JUSTOME,5000.0
WEÏSS,5000.0
GERIN,5000.0
Lungart,5000.0
ALSTERS,5000.0
CARILLON,5000.0
CATTIN,5000.0
Ferreira,5000.0
LIME VIEILLE,5000.0
Descombes,5000.0
ASLANIAN,5000.0
CHAVANON,5000.0
ABBAS,4848.0
BALARDY,4800.0
blin,4800.0
willaume,4794.0
GLUCK,4714.0
Négret,4682.0
Aguin,4644.0
NICOLLET,4617.0
LIGOT,4612.0
JOULIÉ,4500.0
LE SCORNET,4500.0
Torreilles,4467.0
VILA,4455.0
GIOVANNANGELI,4400.0
CAPITANIO,4366.0
LE LUHERNE,4350.0
MARCOT,4323.0
FERRAND,4310.0
REGNAULT de MONTGON,4296.0
Grégoire,4280.0
MONIER,4228.0
GOUTH,4140.0
MONTAGNAT,4106.0
RIOU-BOURDON,4100.0
DEBOURG,4018.0
Logié,4000.0
lafargue,4000.0
Caraco,4000.0
FOUILLET,3920.0
GUERIN,3880.0
GLACET,3875.0
Augey,3850.0
MANDON,3840.0
ozenne,3800.0
Briat,3766.0
MARCY,3752.0
Gicquel,3700.0
fournier,3692.0
Limonta,3681.0
BACCI,3666.0
Hamel,3594.0
BOULOUX,3560.0
Spillebout,3542.0
ELEXHAUSER,3437.0
Goujon,3430.0
DU BUIT,3423.0
Taubrégeas,3418.0
LOPEZ LIGUORI,3364.0
Robin,3330.0
Rodes,3200.0
deprince,3187.0
Philippe,3183.0
Serp,3183.0
Sillani,3116.0
Marias,3110.0
PIQUEMAL,3050.0
CASTOR,3040.0
Létoquart,3000.0
LAPPARTIENT,3000.0
Mardikian,3000.0
Guitton,3000.0
THEOPHILE,3000.0
ZOURGUI,3000.0
ROUX,3000.0
Klinger,3000.0
Mitonneau,3000.0
VIGIER,3000.0
Garin,3000.0
Erodi,3000.0
Staron,3000.0
TROGRLIC,2972.0
nanchi,2962.0
Rampal,2810.0
Ferde,2766.0
ARRIGHI,2760.0
GRAVELLE,2750.0
Metzdorf,2700.0
Christine,2629.0
CANEVET,2607.0
Rimane,2600.0
Boyer,2511.0
Evren,2500.0
BASQUIN,2500.0
LAFONT,2500.0
Dumont,2460.0
Boubée,2380.0
Loas,2375.0
CLEMENTE,2336.0
COUTHERUT,2300.0
besnard,2300.0
AGUILERA,2286.0
POYET,2260.0
BUISSON,2250.0
SAYOUS,2236.0
Bouche,2226.0
Martinie,2225.0
BRAUX,2225.0
RAVIER,2208.0
WILLIAM,2200.0
GOUEROU,2198.0
COTTEREAU,2172.0
JANDER,2150.0
LEPORTIER,2115.0
Clavet,2100.0
Belrhiti,2048.0
Bui-Xuan Picchedda,2004.0
Alphonse,2000.0
RIVIERE,2000.0
depallens,2000.0
Rebsamen,2000.0
BRETON,2000.0
Le Hénanff,2000.0
MOULIN,2000.0
Keller,2000.0
Nebbula,2000.0
HIVER,2000.0
CHALUMEAU,2000.0
Jacotot,2000.0
Meurin,2000.0
ESTROSI,2000.0
L'Hour,2000.0
Sattonnet,2000.0
BELLAY,2000.0
Tahri,2000.0
BERNIER,2000.0
LAJUGIE,2000.0
HANOH,1998.0
GACQUERRE,1995.0
BRILLARD,1981.0
BELAIR,1980.0
Bergé,1950.0
cherriere,1944.0
MORANÇAIS,1926.0
Rousset,1912.0
Toro,1900.0
DUFAU,1899.0
MARTEGOUTTE,1888.0
Pochon,1800.0
RINGUET,1800.0
BOURBIGOT,1762.0
Escoulan,1758.0
DESOUCHES,1700.0
ZIEGLER,1700.0
PUNUA,1676.0
FIALAIRE,1666.0
Chan,1658.0
AFFILE,1626.0
ROUGE,1618.0
Murgia,1600.0
TEMARII,1584.0
PATRIARCHE,1520.0
KOUATHE,1508.0
Cornu,1500.0
Mennetrier,1500.0
Boudy,1500.0
DUFORESTEL,1500.0
STEFFEN,1500.0
Lavenka,1500.0
Riom,1500.0
verdier,1500.0
Pluchet,1500.0
Guarino,1500.0
BARBIER,1500.0
Feltz,1500.0
BILA,1490.0
MOUILLER,1468.0
MARCHET,1465.0
Grass,1440.0
Ardouin,1422.0
RAYOT,1400.0
lermytte,1365.0
POUEYTO,1360.0
CHARRIER,1334.0
VERNAY,1323.0
Delord,1308.0
roumegas,1300.0
BELLINI,1255.0
HENNO,1250.0
FRANCOIS,1230.0
FARA,1229.0
HAZOUARD,1200.0
Jacob,1200.0
BEDEK,1200.0
Focks,1173.0
Etcheçaharreta,1164.0
AZOUG,1160.0
MAUGUIEN-SICARD,1146.0
ROCHAUD,1120.0
DELALIN,1084.0
AUDEGOND,1010.0
lecordier,1008.0
patouret,1002.0
BAMANA,1000.0
BAUDOUIN,1000.0
UGO,1000.0
DI GIOVANNI,1000.0
RALLO,1000.0
ARZAL,1000.0
D'IMPERIO,1000.0
VILLECOURT,1000.0
gros,1000.0
TURCHETTO,1000.0
CLOUAIRE,1000.0
CRESSON,1000.0
Branco,1000.0
BROSSET,1000.0
Pradayrol,1000.0
CADART,1000.0
Geoffroy,1000.0
TAISNE,1000.0
Salmon,1000.0
Baume,1000.0
Prioleaud,1000.0
BORRÉ,1000.0
Colas,1000.0
NAUDAN,1000.0
MARCHANI,1000.0
CHIAPPA - KIGER,1000.0
MARCHIS,1000.0
DES ESGAULX DE NOLET,1000.0
Cabanel,1000.0
Houssin,1000.0
BRUN,1000.0
REISS,999.0
Lhermitte,996.0
martin,980.0
COLOMBANI,950.0
MISSIOUX,948.0
Frioux,942.0
TANGUY,932.0
BRIOIS,900.0
Durand,900.0
Hélion,900.0
Rabadan,900.0
MAURER,900.0
MASSART,900.0
BERTELOODT,900.0
PERNEY,898.0
ROBERT,892.0
JEAN,868.0
Frebault,855.0
Lopez,853.0
Bouyssonnie,850.0
PERRIN,850.0
TONNER,844.0
MAISONNAT,841.0
Bertin,840.0
TIEOUE,838.0
GUIMBERTEAU,827.0
SAINT-PE,801.0
MAGLOIRE,800.0
LESEIGNEUR,800.0
Dauge,800.0
THORY,800.0
CHARPENTIER,790.0
TERRIEN,768.0
VADOT,767.0
LAUREY,762.0
Jacky,762.0
Diers,760.0
Charpentier,755.0
lemare,750.0
Raynal,750.0
VIROULAUD,743.0
Mezrar,724.0
ARENAS,700.0
Lucas,700.0
Saint-Orice,699.0
PIRES BEAUNE,692.0
MORELL SAMPOL,691.0
QAEZE,670.0
mignonet,650.0
nieson,649.0
REYNAUD,645.0
Gibert,621.0
ZILIO,600.0
Beauvarlet,600.0
RAPPENEAU,600.0
Ménagé,600.0
Choplin,600.0
PLISSONNEAU,600.0
Delaitre,582.0
princay,573.0
INEZARENE,550.0
rolland,535.0
launay,500.0
LIVRELLI,500.0
mandelli,500.0
Lorentz,500.0
ALLIONE,500.0
RAIMBAULT,500.0
Salami-Dadkhah,500.0
SAID ANZUM,500.0
Loire,500.0
Chabrillat,500.0
Kervran,500.0
Bouyssou,500.0
Plissonnier,500.0
Pineau,500.0
Picard,500.0
DELPECH,500.0
Renard,500.0
bramoullé,500.0
Sorre,500.0
BONNEFOI,500.0
SOMEN,500.0
MURZI,500.0
Bardot,500.0
ROGER-MOIGNEU,500.0
LIRON,500.0
GAUTIER,495.0
KAUTAI,494.0
Piera,486.0
HIGNET,480.0
Fournier,480.0
Assié,480.0
Evrard,458.0
tomaselli,456.0
bouyx,454.0
de Bonet d Oléon,452.0
LACROUTE,450.0
Decoster,450.0
Jourdan,442.0
Pilato,438.0
malaterre,434.0
Khac,420.0
AVIAS,400.0
Lahalle,400.0
TRYSTRAM,400.0
Matergia,400.0
BEAUDON,400.0
LE LAN,400.0
DIXNEUF,400.0
LE HOUEROU,400.0
PASTOR,400.0
MAURICE,394.0
QUILLIEN,387.0
Yon-Courtin,378.0
Coppey,360.0
Saint-Martin,360.0
SALEL,359.0
Juliette,357.0
Robic,350.0
ABELLI,350.0
Boudié,350.0
BILHAC,320.0
Fayolle,316.0
GIRAUD,310.0
Viola,300.0
haddad,300.0
jomier,300.0
NOGUIER,300.0
Maury,300.0
Hanotin,300.0
CAILLET,300.0
PARTRAT,300.0
ORAIN GROVALET,300.0
Poulin,292.0
Mongaburu,270.0
PERREARD,250.0
AMRANE,250.0
BARREAU,250.0
Valentin,250.0
Damy,250.0
Elazouzi,250.0
Laval,250.0
DIVE,250.0
NEUDER,247.0
BOUCHART,240.0
Lei,230.0
RAYMOND,214.0
LUCOT,212.0
GUERET,208.0
Gagliolo,202.0
FERON,200.0
Belluco,200.0
CHESNEAU,200.0
Smith,200.0
Corzani,200.0
Griseti,200.0
Modde,200.0
Blet,200.0
Delacroix,200.0
FERRARI,200.0
GUILLO,200.0
canales,200.0
Barles,200.0
OSMOND,200.0
COHEN,200.0
gabelotaud,200.0
greffier,200.0
TEISSERE,200.0
Pellerin-Carlin,200.0
Slimani,200.0
DEPAIX,200.0
GHALI,200.0
DULIEGE,198.0
Berville,182.0
CURUTCHARRY,180.0
Tikouk,180.0
LE GAC,177.0
Quernez,172.0
bonnecarrere,170.0
MENISSEZ,167.0
GIVERNET,166.0
Davi,160.0
CAREIL,152.0
ROCHER,152.0
BERNARDINI,150.0
diwuy,134.0
MADER,130.0
Venturini,120.0
Orgelet,120.0
BEAUDREY,115.0
COIANIZ,110.0
Verzelen,106.0
Petit,104.0
Bouget,100.0
CARUHEL,100.0
GOUET,100.0
Dissaux,100.0
ROBINSON,100.0
DAVET,100.0
CADIOU,100.0
BROU,100.0
DUCHÉ,100.0
Eskenazi,100.0
yon,100.0
RETAILLEAU,97.0
gagnoux,96.0
Galliard-Minier,94.0
LETURQUE,93.0
GUELPA-BONARO,92.0
bertucat,90.0
Bertagnoli,90.0
SEBAIHI,90.0
CASTRO,90.0
Marchand,84.0
LARGHERO,80.0
MARAEURA,80.0
LOUAP,80.0
Gaugain,76.0
Colson,70.0
CAMMAL,60.0
Rassaert,60.0
LOTTE,60.0
chassot,60.0
FILHOL,60.0
CHAUVEAU,50.0
GOURIER,50.0
Gouyette,50.0
Mulyk,50.0
COURDIL,50.0
Géry,48.0
JAMMES,47.0
DENIZON-ZAWIEJA,45.0
BONNEFOY,44.0
Ladegaillerie,40.0
Dufau,40.0
BERTHIER,40.0
BAUDU,38.0
LEMAIRE,36.0
MORANCAIS,30.0
Flohic,30.0
Schellenberger,30.0
FRICOTEAUX,30.0
BIOULAC,30.0
MIRANDE,30.0
Cormier-Bouligeon,30.0
PFEFFER,30.0
NICOLAI,25.0
LEGROS,23.0
LAFARGUE,20.0
BIENVENU,20.0
Violland,16.0
TROUSSEL,16.0
DAMOUR,15.0
BRAU,15.0
Dénès,15.0
FASQUELLE,15.0
Benbrahim,14.0
Polski,10.0
LACARRERE,10.0
FURET,10.0
Maupertuis,7.0
Léaument,6.0
DUMONTIER,4.0
Weiss,2.0
WATTEBLED,2.0
Beaujaneau,2.0
LE DORVEN,2.0
THIEBAULT,2.0
DESSEIN,2.0
Fournié,2.0
barenton guillas,2.0
BOUTLEUX,1.0
LEMAITRE,1.0
PRIVAT MATTIONI,1.0
Jacq,1.0
GHEERBRANT,1.0
revillon,0.0
AVIRAGNET,0.0
MARECHAL,0.0
vacher,0.0
testud robert,0.0
suard,0.0
CANNAT,0.0
Abaux,0.0
Abelin,0.0
WEITEN,0.0
Vinet,0.0
Véricel,0.0
WANSCHOOR,0.0
CADUDAL,0.0
ammoura,0.0
Anceau,0.0
payan,0.0
CHABAL,0.0
VERGRIETE,0.0
Vallade,0.0
Valéro,0.0
COCHET,0.0
CORNU,0.0
COSSET,0.0
COT,0.0
Chati,0.0
Brero,0.0
boire,0.0
BROSSIER,0.0
Claveau,0.0
Wehrling,0.0
arribage,0.0
Verien,0.0
SAULNIER ARRIGHI,0.0
SAULES-LE BARS,0.0
Campodarve-Puente,0.0
TORTRAT,0.0
DEYE,0.0
DIJOUX,0.0
DECHAMPS,0.0
Szpiner,0.0
DUNAND,0.0
SOMBSTHAY,0.0
DUPLOMB,0.0
DUPOUEY,0.0
SAMALENS,0.0
SAMSOEN,0.0
DUBOS,0.0
DUCRET,0.0
de lombard de montchalin,0.0
damiati,0.0
SAUVADET,0.0
SEGRETAIN,0.0
Baroin,0.0
Bataille,0.0
Emon,0.0
Eudier,0.0
BOYER,0.0
FIGOUREUX,0.0
BOURGADE,0.0
BOUQUET,0.0
GIBOTTEAU,0.0
Chevalier,0.0
Centon,0.0
VELOU,0.0
Hubaud,0.0
Henriat,0.0
LAGES,0.0
ROMANO,0.0
Fenzar,0.0
Fernandez,0.0
ROUTIER,0.0
ROUANET,0.0
RIVEL,0.0
ROHART,0.0
GODET,0.0
GONIER,0.0
RAMPHORT,0.0
RAYEUR-KLEIN,0.0
RENAUD,0.0
ROUZIES,0.0
GUYOD,0.0
REGOL,0.0
Paganin,0.0
BOHIN,0.0
BOISSEAU,0.0
gay,0.0
geil,0.0
giacomel,0.0
BEAUNOL,0.0
BERNARDINI CARRANO,0.0
JEANNE,0.0
JODAR,0.0
Hartz,0.0
Hasser,0.0
GUEROULT,0.0
RIO,0.0
PASSEBOSC,0.0
Myard,0.0
NE,0.0
PIN,0.0
PAYET,0.0
PEDEBOY,0.0
PERISSOL,0.0
PLASSARD,0.0
PETIPEZ,0.0
PEYRET,0.0
JULLIEN,0.0
Justinien,0.0
Iordanoff,0.0
LAVIOLETTE,0.0
LE DIGABEL,0.0
LANDREAT,0.0
MEDINA,0.0
largeau,0.0
ledoux,0.0
NANA-IBRAHIM,0.0
NEAOUTYINE,0.0
LEGUAY,0.0
LESTAS,0.0
Leclerc,0.0
BEARUNE,0.0
ALIOT,0.0
ALCIN,0.0
BAUMEL,0.0
AHMED-VALI,0.0
CHEVILLON,-2.0
FLORI DUTOUR,-15984.0
Coradetti,-91362.0
