nom,declaration_count,total_wealth
LISNARD,30,822885.0
MARTIN,23,97023523.0
BLANC,20,14072141.0
LEROY,19,25073634.0
MICHEL,17,1250708.0
MACAREZ,17,0.0
Martin,16,16980.0
BERTRAND,15,843000.0
THOMAS,15,43172.0
LAURENT,13,57322.0
VIAUD,13,1965951.0
Garnier,13,1448007.0
BOUAMRANE,12,64386.0
BOYER,12,0.0
Meunier,12,1434327.0
NICOLAS,12,3681406.0
GOULET,12,945435.0
GAY,11,903000.0
Rouly,11,279619.0
komites,11,0.0
BOUCHART,11,240.0
GUICHARD,10,1970250.0
samzun,10,0.0
Siegler,10,8280.0
PHILIPPE,10,150105.0
DUBOIS,10,45420.0
VERCHERE,10,12880.0
RIBOULET,10,14850.0
TETUANUI,10,0.0
MENARD,10,46408.0
PERRIN,10,850.0
GACQUERRE,9,1995.0
MOREAU,9,839693.0
lemoine,9,0.0
MANGIN,9,1282705.0
DAVID,9,1291577.0
Masson,9,251000.0
FOURNIER,9,543599.0
COLIN,9,3585172.0
Cabanel,9,1000.0
Courtois,9,632814.0
BERNARD,9,426435.0
Levy,9,13476634.0
Blanchet,9,3341606.0
ROUX,9,3000.0
ROY,9,125736.0
CHEVALIER,8,0.0
Klein,8,0.0
PETIT,8,1767566.0
DOUCET,8,4002682.0
DUMONT,8,0.0
BRIAND,8,47250.0
DURAND,8,159989.0
CATANZARO,8,0.0
CHAIX,8,3231525.0
CARRERE,8,19169.0
Bompard,8,68956.0
BONNET,8,0.0
BREMOND,8,2931504.0
MORIN,8,41331154.0
DEMILLY,8,0.0
Beauvarlet,8,600.0
daragon,8,76943.0
NEGRE,8,0.0
ROSSI,8,0.0
BRUN,8,1000.0
Dumont,7,2460.0
CESARI,7,210620.0
Folliot,7,0.0
AVEROUS,7,94807.0
brolly,7,0.0
Bassal,7,0.0
Decagny,7,14000.0
Nédélec,7,79290.0
Geoffroy,7,1000.0
JEAN,7,868.0
Baloge,7,25480.0
GERARD,7,1655104.0
Rosetti,7,0.0
BRUNEAU,7,11991.0
Carvounas,7,0.0
BRUNET,7,529928.0
Dabin,7,17200.0
SIMON,7,0.0
GUERIN,7,3880.0
FAURE,7,200000.0
BENOIT,7,357510.0
Durand,7,900.0
RABASTE,7,0.0
TROADEC,7,91654.0
DUPONT,7,91597.0
ALVAREZ,7,0.0
Boyer,7,2511.0
thibaudeau rainot,7,0.0
HUBERT,7,100315.0
BARBIER,7,1500.0
GAZAY,7,185000.0
CHEVILLON,7,-2.0
BONTINCK,7,7000.0
Provost-Lopin,7,0.0
ARNAUD,7,591878.0
HOAREAU,7,0.0
AUBERT,7,611930.0
DEGALLAIX,6,0.0
Simon,6,0.0
Baroin,6,0.0
Brun,6,100000.0
Robin,6,3330.0
Gest,6,856908.0
SCHALCK,6,0.0
BOEDEC,6,107861.0
leveque,6,8163.0
ZIVKOVIC,6,0.0
de JENLIS,6,9735854.0
Bayrou,6,0.0
Pecresse,6,14638522.0
Bertrand,6,0.0
GUEVEL,6,8036.0
MOULIN,6,2000.0
PLAGNEUX,6,3922798.0
PARIGI,6,556800.0
CUVILLIER,6,211407.0
Rolland,6,0.0
LEFEBVRE,6,0.0
FABRE,6,333200.0
Lert,6,0.0
MERCIER,6,158418.0
LE HOUEROU,6,400.0
ALIOT,6,0.0
Belhadef,6,0.0
Brichet,6,188716.0
CHARLES,6,0.0
Lombard,6,21021514.0
TERRIEN,6,768.0
Beretti,6,0.0
ALLARD,6,0.0
VOGEL,6,8200.0
Pottier,6,0.0
HERVE,6,0.0
DUFFOURG,6,486960.0
HERNANDEZ,6,0.0
Moudenc,6,0.0
GIRARD,6,8229513.0
DUBOST,6,36334405.0
LEROUX,6,5500.0
Chevalier,6,0.0
MARTINEZ,6,15095.0
Bouchez,6,120000.0
Méquignon,6,0.0
Copé,6,9657567.0
Dejean de La Batie,6,1620000.0
BUISSON,6,2250.0
KERN,6,0.0
lafarie,6,5500.0
Perrin,6,0.0
girard,6,0.0
CAZEBONNE,6,0.0
Lochmann Beaujour,6,476840.0
LEFEVRE,6,55582.0
HIDALGO,6,0.0
COULON,6,810300.0
MARLIN,6,954000.0
LAUGIER,6,0.0
WEBER,6,0.0
AGUILERA,6,2286.0
Buisson,6,0.0
Corne,5,472500.0
FISCHER,5,1962500.0
Hameau,5,152320.0
Belleval,5,126344.0
Tourvieilhe,5,0.0
Couchot,5,25333.0
Lemardeley,5,0.0
REPENTIN,5,0.0
Beaudet,5,0.0
BAUDE,5,0.0
SEGURA,5,0.0
de Carolis,5,1530000.0
Bernard,5,7143388.0
Blanchard,5,0.0
Crémont,5,93187917.0
Leclerc,5,0.0
FERRARI,5,200.0
MILLET,5,308380.0
BOST,5,96210.0
MILLION,5,2534930.0
TERLEZ,5,0.0
Schneider,5,23240.0
TEMARII,5,1584.0
DEZARNAUD,5,0.0
RAMOS,5,18269.0
Isnard,5,235166.0
JALTON,5,0.0
DOMEN,5,2066668.0
haddad,5,300.0
EGRON,5,0.0
FONTAINE,5,0.0
BILLON,5,1097000.0
BILLOT,5,128000.0
TEISSERE,5,200.0
TABAROT,5,0.0
Sturni,5,282240.0
Pons,5,285000.0
Saint-Martin,5,360.0
BONNEAU,5,15600.0
DUCHÉ,5,100.0
HUGUET,5,1236060.0
STRAMBIO,5,718500.0
BOURGI,5,0.0
BOUILLON,5,0.0
Naria,5,0.0
DEBORD,5,0.0
Jamet,5,3555915.0
FAIVRE,5,308418.0
Bazin,5,935082.0
Grosperrin,5,1247488.0
FERRERE,5,0.0
FERRER,5,232307.0
NOEL,5,40320.0
Delacroix,5,200.0
RAVIER,5,2208.0
BONNET-VALLET,5,614000.0
JOUVET,5,10671.0
TOUZEAU,5,0.0
de Lasteyrie,5,6542225.0
Darnaud,5,0.0
HAQUIN,5,12660.0
DEMARTHE,5,0.0
Hervochon,5,0.0
DENIS,5,55800.0
Michaud,5,67330.0
REAULT,5,0.0
PIGNIER,5,0.0
COSTE,5,177713.0
Robinet,5,0.0
ATCHAPA,5,0.0
LAVIT,5,490000.0
ALLOTO,5,508300.0
LOMBERTIE,5,422816.0
LAPORTE,5,3932000.0
BÉNISTI,5,0.0
Rousseau,5,31271.0
MOUNIER,5,133400.0
Foveau,5,13745.0
BARSEGHIAN,5,0.0
Martinez,5,0.0
PLENET,5,0.0
Robert,5,103128.0
Matet,5,5706.0
Gastinne,5,781588.0
LOZACH,5,0.0
POLLET,5,0.0
RISSER,5,0.0
Bourel de La Roncière,5,854034.0
MOREL,5,486687.0
LAGOURGUE,5,549743.0
LAGEDAMONT,5,0.0
Amiel,5,0.0
Marchau,5,0.0
LEGENDRE,5,1534500.0
ROULLE,5,2080000.0
WOLBER,5,0.0
LECLERC,5,202406.0
GODIN,5,390513.0
LECA,5,0.0
LEBRETON,5,0.0
CHITO,5,0.0
CHABAUD,5,26190.0
CHAMBON,5,0.0
ALEMAGNA,5,0.0
LIBERT-ALBANEL,5,0.0
vernin,5,852666.0
ROUSSET,5,924098.0
PASTOR,5,400.0
LE DISSES,5,0.0
CLODONG,5,35567.0
Vidal,5,0.0
PICHERY,5,8000.0
PICARD,5,0.0
Vial,5,0.0
PEYLACHON,5,0.0
ANDRE,5,0.0
robin,5,0.0
WANSCHOOR,5,0.0
BAGUET,5,0.0
chapuis,5,101506.0
cornillet,5,560550.0
PORTELLI,5,0.0
Mercier,5,497426.0
Bouche,5,2226.0
milon,5,0.0
LAGARDE,5,605219.0
Bonnet,5,6600.0
BALAND,5,0.0
ROBERT,5,892.0
Chriqui,5,0.0
ROUSSEL,5,0.0
Thoraval,5,1000000.0
cefis,5,62500.0
Guiraud,5,0.0
barsacq,4,0.0
NARDIN,4,0.0
Cuillandre,4,500300.0
IMBS,4,0.0
Bouty,4,44400.0
beauchamps,4,5940000.0
PFEFFER,4,30.0
M'DOIHOMA,4,0.0
LUTZ,4,0.0
gagnoux,4,96.0
COCHET,4,0.0
Cristiani,4,106400.0
CASIMIRIUS,4,0.0
Bertin,4,840.0
VON EUW,4,0.0
DI CARO,4,0.0
CARROZ,4,0.0
Luya,4,0.0
CORDIER,4,120073.0
Juven,4,0.0
L'Hour,4,2000.0
DARDELET,4,312400.0
CORBIERE,4,0.0
dissaux,4,0.0
BRANCOUR,4,62500.0
LEVADE,4,96937.0
COQUELIN,4,0.0
NICOLIN,4,52252.0
condomitti,4,224265.0
Boux,4,0.0
TANGUY,4,932.0
apparu,4,0.0
DORGUEILLE,4,0.0
CAROLO LUTROT,4,0.0
bedreddine,4,0.0
Le Foll,4,0.0
Hoareau,4,0.0
Hingrez-Céréda,4,0.0
Werner,4,52000.0
Darmanin,4,0.0
KERNEIS,4,792000.0
LECOCQ,4,35494.0
WILLIAM,4,2200.0
Weil,4,0.0
WILLER,4,0.0
Dambach,4,930750.0
CHARROUX,4,0.0
ISIDORE,4,0.0
CHARRIER,4,1334.0
CHAUVET,4,641000.0
CHAUVELOT-DUBAN,4,0.0
OLIVE,4,356545.0
Thévenot,4,0.0
BORRÉ,4,1000.0
BORRE,4,100000.0
albertini,4,0.0
LE DORVEN,4,2.0
PIANETTI,4,290739.0
chalopin,4,1038632.0
geil,4,0.0
PORTE,4,0.0
CHOLLET,4,0.0
galtier,4,0.0
Nordman,4,45848.0
Lavenka,4,1500.0
amselem,4,0.0
Slimani,4,200.0
BOURDOULEIX,4,1171242.0
CHERON,4,287144.0
BOUQUIN,4,0.0
PONCHON,4,0.0
PUEYO,4,0.0
BOURGEOIS,4,0.0
DUVAL,4,0.0
CHAZAL,4,743501.0
PRIOLLAUD,4,12068.0
Véricel,4,0.0
POMERET,4,10796968.0
DELAPORTE,4,0.0
DELATTRE,4,211050.0
LAFON,4,167100.0
Barraud,4,1530000.0
Bosetti,4,0.0
Boudy,4,1500.0
Barnier,4,0.0
Barnaud,4,0.0
BRIOIS,4,900.0
PAOLI,4,52396.0
Charlet,4,0.0
JOLY,4,112440.0
TOULLEC,4,40400.0
POUPINEAU,4,0.0
TREMEGE,4,10287284.0
de Mazières,4,0.0
Brosse,4,0.0
Leroy,4,2798392.0
Brouard-Gallet,4,0.0
Barles,4,200.0
Ouzilleau,4,569004.0
Lengereau,4,99640.0
Baudrier,4,0.0
DEGUERRY,4,0.0
LACROUTE,4,450.0
Belair,4,0.0
LAGRAVE,4,0.0
OLIVIER,4,0.0
Olive,4,0.0
Chassaubéné,4,201000.0
Nebbula,4,2000.0
POISSON,4,0.0
Chabane,4,0.0
Joissains,4,0.0
Chereau,4,0.0
Cassaro,4,0.0
DELAFOSSE,4,0.0
Boussard,4,260000.0
Bourcier,4,6063.0
LUCAS,4,0.0
VALLS,4,10000.0
COURTIAL,4,652944.0
PATRICE,4,0.0
DERVILLE,4,9240.0
COURTES,4,70989.0
LATTES,4,0.0
KEITA,4,0.0
JEAN-LOUIS,4,89400.0
CAILLET,4,300.0
LOUAP,4,80.0
VIDAL,4,592187.0
LOTTE,4,60.0
PASCREAU,4,0.0
LOISIER,4,0.0
LAVIOLETTE,4,0.0
VERGRIETE,4,0.0
LOQUET,4,215600.0
LABADENS,4,0.0
Philipps,4,0.0
CAPO-CANELLAS,4,0.0
Turpin,4,0.0
Luciano,4,0.0
de OLIVEIRA,4,0.0
PITON,4,240967.0
Baert,4,0.0
billault,4,139054.0
depallens,4,2000.0
DE MONTGOLFIER,4,5750512.0
Lhardit,4,36000.0
DELGA,4,60000.0
berger,4,0.0
DASTILLUNG,4,104899.0
DEPAQUY,4,0.0
JOSENDE,4,24000.0
JORDAN,4,0.0
VIALA,4,75200.0
Borie,4,0.0
Petit,4,104.0
VISKOVIC,4,0.0
DENOUES,4,192000.0
Pellevat,4,0.0
DE CALAN,4,2214000.0
DESROSES,4,0.0
JOSEPH,4,0.0
GARCIA,4,10000.0
ROBACHE,4,0.0
RAVIGNON,4,0.0
AUGIS,4,5766.0
GATIAN,4,0.0
ESTROSI,4,2000.0
BELLEC,4,0.0
BELLAMY,4,0.0
Guillou,4,796978.0
Guillotin,4,0.0
MONIER,4,4228.0
FARCY,4,0.0
ARENAS,4,700.0
SERRE,4,0.0
SERVANT,4,0.0
MILON,4,127500.0
GARZON,4,0.0
SCHMIDIGER,4,37971.0
MICHAUD,4,14599.0
Alexandre,4,536419.0
RENAUD,4,0.0
BATAILLE,4,3628545.0
MESQUIDA,4,0.0
Michel,4,0.0
melki,4,0.0
mejri,4,0.0
GUIHARD,4,0.0
ARLABOSSE,4,88360.0
Moncond'huy,4,0.0
kuchel,4,60000.0
kovacs,4,0.0
Richer,4,0.0
AMIOT,4,0.0
kollmannsberger,4,8138.0
kohly,4,0.0
SOURISSEAU,4,44994.0
lagarde,4,200954.0
Rigault,4,0.0
ARNOULD,4,0.0
Ribard,4,27761.0
rossi,4,0.0
Durovray,4,0.0
Rezgui,4,0.0
HAKNI-ROBIN,4,0.0
robo,4,0.0
ROS,4,0.0
ESPINOSA,4,0.0
EME,4,58648.0
GAUTIER,4,495.0
AUGEY,4,0.0
BENIER,4,0.0
GAUTHIER,4,0.0
MAUGUIEN-SICARD,4,1146.0
ETCHEGARAY,4,0.0
lecordier,4,1008.0
SALVADOR,4,677076.0
morel,4,124890.0
Goujon,4,3430.0
Gatel,4,138082.0
Fontimp,4,147528.0
MORIN-DESAILLY,4,49152.0
MOUILLER,4,1468.0
MINUTIELLO,4,0.0
BEAUDON,4,400.0
picard,4,0.0
MOTTE,4,110000.0
Arminjon,4,0.0
Ferracci,4,45344895.0
SEBEYRAN,4,2263166.0
Maillard,4,55665800.0
Furst,4,0.0
Faure,4,91521.0
FRANCOIS,4,1230.0
MORENO,4,0.0
Girard,4,47091.0
SADDIER,4,0.0
Gicquel,4,3700.0
Faucher,4,535000.0
RIGAUD,4,9803712.0
Armanet,4,1476316.0
BACHARD,4,0.0
ROBIN,4,0.0
BABOUHOT,4,1690200.0
FATH,4,0.0
FAUTRA,4,157500.0
FAVREAU,4,162096.0
Gaillard,4,0.0
FENET,4,0.0
Roussel,4,0.0
RIGAL,4,0.0
Mayer-Rossignol,4,0.0
RIETMANN,4,9800.0
BELLO,4,0.0
MUNCK,4,114284.0
FRISTOT,4,55533.0
Amrane,4,0.0
mignola,4,60100.0
Anceau,4,0.0
Rohfritsch,4,0.0
Rossignol Puech,4,0.0
Rousset,4,1912.0
BAPTISTE,4,126675.0
revillon,4,0.0
FOUGERAY,4,0.0
reynaud,4,0.0
FLEURY,4,426500.0
pustorino,4,806484.0
Rosner-Bloch,4,0.0
Fournié,4,2.0
LEFRAND,4,0.0
FROMANTIN,4,200000.0
MARSEILLE,4,324248.0
BOUARD,4,355000.0
GRANDJEAN,4,158009.0
BOUAD,4,0.0
Galtier,4,20000.0
GLEMOT,4,132892.0
BLATRIX CONTAT,4,0.0
ETHORÉ,4,0.0
AGHA BABAEI,4,0.0
GUYEN,4,0.0
Rampal,4,2810.0
HOARAU,4,0.0
HORNBECK,4,0.0
vautrin,4,667400.0
vigneau,4,0.0
GICQUEL,4,0.0
vidal,4,0.0
GUERET,4,208.0
Montaugé,4,0.0
MASSON,4,0.0
GHALI,4,200.0
MATHIEU,4,135108.0
GROUARD,4,0.0
ROUSSEAU,4,299049.0
Markowsky,4,401740.0
BONNEFONT,4,0.0
ROULEAU,4,0.0
Hamida,4,8622.0
Sillani,4,3116.0
Dati,4,270826.0
tukumuli,4,178638.0
HURMIC,4,1666000.0
Murgia,4,1600.0
Schlesinger,4,11869.0
AESCHLIMANN,4,6936.0
gomont,4,643372.0
Provost,4,32000.0
MARAULT,4,1138000.0
MARCHAND,4,400000.0
Semler-Collery,4,134986.0
Portes,4,0.0
Delaporte,4,0.0
GOUTH,4,4140.0
Delepierre,4,0.0
Marchive,4,0.0
STREHAIANO,4,0.0
MARECHAL,4,0.0
HIDRI,4,237500.0
SORET,4,568600.0
testard,4,10000.0
HINGRAY,4,12000.0
Dujols,4,28800.0
RAGE,4,0.0
jeandon,4,808496.0
Rivière,4,710199.0
Ramond,4,8523.0
Ramdane,4,570000.0
BERTELOODT,4,900.0
stassinos,4,1078566.0
BLANCHÉ,4,672000.0
Rebsamen,4,2000.0
SOMBSTHAY,4,0.0
Raynal,4,750.0
jardé,4,4659604.0
HEROUIN LEAUTEY,4,0.0
BERTHIER,4,40.0
PERSILLARD,3,0.0
Callet,3,3560000.0
RONCIERE,3,198184.0
PERROT,3,0.0
Calvat,3,65000.0
PIN,3,0.0
Vignot,3,0.0
Watrin,3,0.0
Fontaine,3,382500.0
GRAPPIN,3,291759.0
GOFFARD,3,0.0
GRENIER,3,0.0
GREMILLET,3,60224.0
VEZAT-BARONIA,3,0.0
VIAL,3,0.0
GREGOIRE,3,100000.0
GAZEL,3,0.0
POINTEREAU,3,4058316.0
Cabri,3,25500.0
VILA,3,4455.0
PIQUET,3,0.0
VILLECOURT,3,1000.0
VINCENT,3,0.0
ROTOLO,3,101500.0
PETIT-LASSAY,3,0.0
Fouillère,3,0.0
GRAND,3,273588.0
Viola,3,300.0
Faucheux,3,0.0
RUNEL,3,0.0
GUERRIAU,3,0.0
ROUX VIALE,3,0.0
Cauchetier,3,5546.0
POIRIER,3,251000.0
Charafe,3,73914.0
Rival,3,0.0
Cavecchi,3,0.0
Vincent,3,625134.0
ROMERO-MICHEL,3,10659.0
abreu goncalves,3,5618.0
Fabre,3,733212.0
Fargeot,3,330300.0
Ricou,3,6900.0
Chaize,3,432000.0
Venturini,3,120.0
CONCAS,3,1571000.0
Vercamer,3,113400.0
Chappaz,3,1274039.0
GODINEAU,3,0.0
RURUA,3,210000.0
Rabadan,3,900.0
Cayeux,3,37749612.0
Cauwel,3,245240.0
RODINGER,3,268584.0
CHARTIER,3,0.0
POLAT,3,14659.0
Richefou,3,845000.0
POITEVIN,3,0.0
Gautier de Breuvand,3,0.0
ROUGE,3,1618.0
Focks,3,1173.0
LATOUR,3,118790.0
GENOLHER,3,50916.0
LEONIE,3,0.0
GIRONCEL,3,655806.0
GUILLEM,3,0.0
GRIGNON,3,1650000.0
Cardon,3,0.0
PIERRE,3,1000000.0
Canette,3,0.0
GENRE,3,0.0
GENTIL,3,90717.0
GROS,3,665625.0
Campy,3,226380.0
Cassan,3,0.0
GAUMET,3,0.0
VERSTRAETE,3,375150.0
Valtat,3,0.0
Vacher,3,0.0
GAUDET,3,0.0
COURDIL,3,50.0
COSCAS,3,0.0
WOLFF,3,0.0
PIA,3,0.0
GALLARD,3,0.0
GAYMARD,3,0.0
GARAY,3,0.0
GANOZZI,3,0.0
GAUDUCHEAU,3,0.0
CLAVERIE,3,0.0
LE GRAND,3,250000.0
CORNEILLE,3,0.0
LE BORGNE,3,0.0
COSTA-FESENBECK,3,0.0
GONINET,3,0.0
Garcia,3,0.0
VIALATTE,3,12349874.0
LARCHER,3,611692.0
VERRI,3,0.0
Rassaert,3,60.0
LE LAN,3,400.0
Gadille,3,0.0
LEPETIT,3,0.0
LECORNU,3,0.0
LECOUFLE,3,1637721.0
GODET,3,0.0
ROSSIGNOL,3,0.0
PLOUVIER,3,0.0
PLISSONNEAU,3,600.0
Wieder,3,0.0
Reynaud,3,0.0
Gagliolo,3,202.0
Raynaud,3,265000.0
GERBAUD,3,0.0
LAPPARTIENT,3,3000.0
COUTHERUT,3,2300.0
Fromentin,3,0.0
LASSARADE,3,1173831.0
CHEMLA,3,0.0
COZ ELLEOUET,3,0.0
Galy,3,945000.0
PILET,3,0.0
LE LAY-FELZINE,3,0.0
LAMARRE,3,0.0
GACHET,3,0.0
CROCQ,3,0.0
GABORIT,3,15000.0
LAROCHE,3,0.0
SOULET,3,0.0
THURIOT,3,399935.0
RACHLINE,3,0.0
DESEILLE,3,172675.0
Pellerin,3,0.0
QUILLIEN,3,387.0
HERAUD,3,0.0
TEMARU,3,3262373.0
TENENBAUM,3,394837.0
SOLER,3,17276.0
TECHER,3,0.0
Thomas,3,0.0
HERBILLON,3,100800.0
HERE,3,0.0
SMOCK,3,0.0
Pierre,3,0.0
STEFFEN,3,1500.0
STANZIONE,3,52599.0
SUCK,3,638620.0
JACQUEMET,3,1685403.0
DEWIT VAN STYVENDAEL,3,77875.0
DHERSIN,3,0.0
JEANDEL-JEANPIERRE,3,0.0
HIRAUX,3,113800.0
DEVALLEE,3,132465.0
Guyot,3,0.0
Papadopulo,3,1150000.0
TRANCHECOSTE,3,0.0
TORTRAT,3,0.0
SILVANI,3,0.0
JIMENEZ,3,0.0
RAYMOND,3,214.0
TOUSSAY,3,0.0
RAYNAUD,3,374988.0
JOURDAIN,3,15789500.0
SERAPHIN,3,0.0
SOULIER,3,66808.0
DELL AGNOLA,3,160000.0
DELMARES,3,0.0
DELMOTTE,3,0.0
RAGUENEAU née OBRY,3,0.0
Duval,3,0.0
Quéro,3,0.0
TRAVAL,3,0.0
RABEH,3,0.0
Pfeiffer,3,0.0
Pezzetta,3,4024036.0
DES ESGAULX DE NOLET,3,1000.0
DENIAUD,3,5266.0
DELHAYE,3,9291.0
DUGOURD,3,855135.0
HUCHON,3,0.0
Pintat,3,0.0
STRAUMANN,3,24708.0
Pigné,3,0.0
Sabarot,3,0.0
HUGUES,3,0.0
Pozmentier,3,502600.0
Hugonet,3,2541057.0
Houssin,3,1000.0
Hottinger,3,0.0
Duprey,3,0.0
Soulard,3,12000.0
DUPUIS,3,0.0
IMBERT,3,3533084.0
Ingall-Montagnier,3,0.0
Pouzadoux,3,0.0
Salmon,3,1000.0
Sautarel,3,2282363.0
Daniel,3,136235.0
Danis,3,0.0
Henry,3,59865.0
Dauge,3,800.0
Haddad,3,0.0
Senée,3,0.0
Dromain,3,556838.0
Dufau,3,40.0
JOUBERT,3,0.0
DOLL,3,0.0
Hanotin,3,300.0
DRAPRON,3,0.0
Hartmann,3,335008.0
HUCHET,3,0.0
DREXLER,3,13860.0
DREYSSE,3,79000.0
Ittelet,3,0.0
Donati,3,0.0
DUFOUR,3,0.0
TEMAL,3,736842.0
Dombre Coste,3,0.0
Hénocque,3,0.0
TEAGAI,3,0.0
DURIN,3,25452.0
Deshayes,3,0.0
Dionis du Séjour,3,0.0
Suau,3,0.0
SUGUENOT,3,0.0
DUBOSC,3,0.0
Quilici,3,0.0
Poiret,3,0.0
IANNICELLI,3,0.0
Guyader,3,1111533.0
SANTINI,3,0.0
Guigue,3,68301.0
UTHURRY,3,0.0
SANQUER,3,45661.0
SAUVADE,3,0.0
VADOT,3,767.0
PONTALBA,3,0.0
SALMON,3,0.0
Chouit,3,0.0
SALLABERRY,3,0.0
Guyon,3,0.0
FORESTIER,3,562000.0
Coppey,3,360.0
SCHAAL,3,0.0
Grellier,3,10375.0
Gricourt,3,0.0
Thibault,3,0.0
Cotterlaz-Rannard,3,116632.0
FOUILLET,3,3920.0
KLOTZ,3,0.0
Kada,3,0.0
FICHERE,3,1869000.0
Grass,3,1440.0
SAMSOEN,3,0.0
LACROIX,3,0.0
Clain,3,0.0
VANDENDRIESSCHE,3,0.0
VANDERBISE,3,0.0
VARIERAS,3,0.0
LACOSTE,3,0.0
SADI,3,57750.0
SACCANI,3,159356.0
Giran,3,0.0
LABBE,3,0.0
LACOMBE,3,90000.0
FRANCO,3,6200.0
LABORDE,3,0.0
Chalus,3,0.0
Giraud,3,0.0
Chantrel,3,25000.0
Kervaon,3,0.0
Gibert,3,621.0
Gonzalvez,3,180000.0
Trupin,3,684119.0
Turbatte,3,9600.0
SAULES-LE BARS,3,0.0
Guitton,3,3000.0
FOURGOUS,3,0.0
SAMIN épse HOMAI,3,0.0
Girardot Moitié,3,1291500.0
SCOLAN,3,0.0
SEGUIN,3,454150.0
Pelanne,3,149000.0
DELOGU,3,0.0
DELPECH,3,500.0
SCHUH,3,0.0
SCHMITT,3,258032.0
Guarino,3,1500.0
SENE,3,0.0
SENANT,3,0.0
SEMERIL,3,0.0
RINGUET,3,1800.0
Guilloteau,3,96860.0
DEKENS,3,12400.0
Eudier,3,0.0
Guignard,3,0.0
TROCHIMARA,3,0.0
Esanou,3,0.0
RAIMBAULT,3,500.0
TOMEO,3,0.0
TONG SANG,3,0.0
EVRARD,3,0.0
Pahun,3,0.0
RAULT,3,0.0
SELLY,3,103500.0
RIO,3,0.0
RIOTTE,3,0.0
KLEIN,3,46207.0
RICHARD,3,0.0
Couvy,3,0.0
Cruypenninck,3,0.0
Cujives,3,0.0
PROFIL,3,0.0
PULVAR,3,0.0
DAMAS,3,0.0
FASQUELLE,3,15.0
Panetta,3,32000.0
Jombart,3,0.0
Theveniau,3,0.0
HAZOUARD,3,1200.0
SEGRETAIN,3,0.0
Teillet,3,0.0
TURAN,3,0.0
Juhel,3,0.0
TRYZNA,3,0.0
Joyandet,3,1948100.0
Taite,3,77750.0
DAYOT,3,0.0
DARY,3,100114.0
REMY,3,0.0
Theurier,3,0.0
Lechat,3,0.0
Mebarek,3,1023099.0
Lecerf,3,0.0
mandement,3,0.0
Lei,3,230.0
cridel zirovnik,3,0.0
Messina,3,0.0
BANQUET,3,0.0
MIRAVETE,3,18776500.0
MISSIOUX,3,948.0
Loas,3,2375.0
brun,3,0.0
de Carville,3,1056048.0
Meura,3,0.0
Bercault,3,2184000.0
Berdoati,3,24000.0
Bergé,3,1950.0
BAZIN,3,0.0
BAZILLE,3,1656000.0
BAYLE,3,0.0
Leboeuf,3,0.0
Leblanc,3,157809.0
OSMOND,3,200.0
Bertagnoli,3,90.0
nouhaud,3,20160.0
Bariseau,3,0.0
lejeune,3,8743.0
Baudon-Brulé,3,0.0
lombard,3,0.0
loher,3,0.0
MESLOT,3,99711.0
BASTIER,3,0.0
BAUDRY,3,0.0
Lepretre,3,26004.0
Michelet,3,130000.0
michel,3,1969032.0
Mazaury,3,0.0
Bertu,3,0.0
malavielle,3,0.0
Beaujaneau,3,2.0
Menhaouara,3,30000.0
Bax de Keating,3,0.0
Lemoine,3,1454087.0
Lejeune,3,0.0
Beauchef,3,0.0
mercier,3,0.0
de FLEURIAN,3,0.0
Leprêtre,3,0.0
BELOU,3,0.0
Bazinet,3,0.0
Annick,3,0.0
peysselon,3,0.0
Lahiani,3,441705.0
Masquelier,3,900000.0
Ladegaillerie,3,40.0
Lambert-Motte,3,0.0
Lake,3,60000.0
Ollier,3,0.0
Ouzoulias,3,0.0
castiglione,3,0.0
Marti,3,0.0
Berthet Cottarel,3,769617.0
canales,3,200.0
pechenard,3,661932.0
OZENNE,3,481500.0
Mathon,3,0.0
LOUVRIER,3,34500.0
MULLER-BRONN,3,339954.0
LOUIS,3,0.0
Bournat,3,372000.0
Amar,3,1771000.0
borie,3,0.0
PARRAIN,3,0.0
bouchez,3,0.0
cavanna,3,510000.0
Bianco,3,0.0
Bidard,3,6300.0
BAILLEUL,3,0.0
OMARJEE,3,0.0
Bill,3,0.0
Billet,3,0.0
BACCI,3,3666.0
BAGNERIS,3,0.0
BADUFLE-DOUCHEZ,3,0.0
BADIN,3,340400.0
MORANCHO CROQUETTE,3,350000.0
Bilirit,3,0.0
Appere,3,0.0
BAREIGTS,3,0.0
BARREILLE,3,0.0
Ngatcha,3,0.0
MORIZIO,3,0.0
MORTON,3,0.0
cherriere,3,1944.0
Aubry,3,0.0
portet,3,0.0
Medevielle,3,352000.0
chibli,3,0.0
Mellier,3,34832.0
Laurent,3,0.0
dallemagne,3,0.0
labarthe,3,249585.0
MARTINS,3,13644.0
BIr,3,0.0
BITZ,3,0.0
khalifé,3,628950.0
MATEILLE,3,0.0
gauthier,3,15400.0
BIHL,3,10000.0
BIENVENU,3,20.0
imbert,3,15000.0
fond,3,0.0
MICHAU,3,38907.0
joly,3,144207.0
BERTHOUD,3,0.0
fontaine,3,26372.0
Monnet,3,118898.0
Mohamed Soilihi,3,390000.0
Moisy de Cala,3,0.0
Minard,3,813400.0
Méary,3,3584166.0
BERTAUD,3,0.0
Muzeau,3,0.0
Miquelly,3,0.0
Lévrier,3,0.0
Morel,3,40641109.0
genet,3,0.0
MARCOT,3,4323.0
Muller,3,0.0
grelaud,3,0.0
MARIDET,3,0.0
MANUBY,3,0.0
MARCHET,3,1465.0
BOLO,3,0.0
BOUCHET,3,240016.0
BONHOMME,3,235492.0
MASBOU,3,0.0
MARTINELLI,3,0.0
MELLERAY,3,6666.0
BRESSON,3,0.0
MADELIN,3,0.0
BRAUD,3,0.0
BOUBA,3,0.0
BOUJLILAT,3,0.0
MASCARO,3,0.0
BLOCHE,3,0.0
MAHE,3,360000.0
MAHALI,3,0.0
BOUCHONNET,3,0.0
MAGNE,3,0.0
BOHIN,3,0.0
BIASOTTO,3,0.0
BIANCHI,3,0.0
BEYAERT,3,0.0
Baubry,3,0.0
BUIS,3,0.0
BULTEAU RAMBAUD,3,68601.0
MELCHIOR,3,141049.0
Limousin,3,0.0
BELLAIS,3,81000.0
BEN MOKHTAR,3,0.0
BECHT,3,0.0
BOUYAC,3,0.0
MONNIER,3,652000.0
deniziot,3,0.0
Bail,3,0.0
NISON,3,0.0
de bazelaire,3,2759932.0
de Montchalin,3,0.0
Baptiste,3,0.0
MERILLOU,3,0.0
MERLE,3,0.0
louault,3,878082.0
BEDAT,3,0.0
NIRLO,3,2198829.0
BUVAL,3,0.0
Miranville,3,0.0
gabrieli,3,0.0
BRAULT,3,386110.0
Louchaert,3,24000.0
Mongaburu,3,270.0
Léger,3,167040.0
dousset,3,0.0
BERNARDINI,3,150.0
MAZY,3,726543.0
lecomte,3,0.0
BERNADETTE,3,36920.0
Lungenstrass,3,7632.0
BUGIS,3,249681.0
dufour,3,18000.0
duhem,3,0.0
dumoulin,3,320041.0
BERGERI,3,0.0
Longo,3,0.0
BRIQUET,3,352778.0
BERNO DOS SANTOS,3,75850.0
BRISTOL,3,0.0
MELLOULI,3,10000.0
BENSALEM OULD AMARA,3,0.0
BENOIT-GOLA,3,0.0
BUFFET,3,29922.0
BRIERE,3,102695.0
AUBIN,3,0.0
ANTOINE,3,0.0
CANNAT,3,0.0
ANNETTE,3,0.0
ARRIVE,3,225000.0
Labadie,3,0.0
ANDRO,3,0.0
CARADEC,3,0.0
LURTON,3,30596.0
bleunven,3,0.0
ANGLARD,3,0.0
becue,3,0.0
ANGLARS,3,0.0
schillinger,3,0.0
savoldelli,3,0.0
LEVY,3,20000.0
roux,3,0.0
beck,3,0.0
tarleve,3,0.0
LIPSOS-SALLENAVE,3,173478.0
AROSTEGUY,3,126951.0
AUZEMERY,3,0.0
AZZAZ,3,0.0
bonhomme,3,233554.0
AZEROT,3,0.0
PAUL,3,9343.0
Bédier,3,189004.0
rossignol,3,0.0
rolland,3,535.0
LOPEZ,3,0.0
Buillard,3,0.0
CAPITANIO,3,4366.0
CALABRESE,3,0.0
LOSBAR,3,6236.0
CADIC,3,9210000.0
ripert,3,7400.0
CAMMAL,3,60.0
CAMPELLO,3,817500.0
CATHALA,3,0.0
roullet,3,0.0
AMARGER-BRAJON,3,0.0
ASSEH,3,1290000.0
AUGER,3,0.0
ATTARI,3,0.0
PERRAUD,3,122908.0
Marie,3,0.0
tabutin,3,0.0
Malric,3,0.0
PEREZ,3,62650.0
PEREIRA-NUNES,3,0.0
Mangrolia,3,45000.0
ZINGRAFF,3,510000.0
somon,3,18708.0
PERNOT,3,0.0
PERINI,3,8539.0
tomaselli,3,456.0
allizard,3,0.0
LIMOUZIN,3,0.0
ZOURGUI,3,3000.0
LIGOT,3,4612.0
ZIELINSKI,3,0.0
Marini,3,250366.0
zerkani,3,2279019.0
PERDRIAU,3,0.0
soulier,3,0.0
LETURQUE,3,93.0
LETRILLART,3,466753.0
vachon,3,0.0
vieu,3,0.0
PELIEU,3,0.0
PELAIN,3,0.0
CARLES,3,0.0
vignal,3,0.0
CARTIER,3,0.0
CHAGNAT,3,0.0
varaillas,3,0.0
CHATARD,3,0.0
villain,3,0.0
villemain,3,0.0
verdier,3,1500.0
Marchand,3,84.0
LEMOYNE,3,0.0
LEMOINE,3,0.0
LEMAZURIER,3,31810.0
LEMAIRE,3,36.0
vasselin,3,150000.0
LOWINSKY,3,0.0
Allam,3,0.0
bonnet,3,154800.0
PANAMBALOM,3,0.0
PARENT,3,804378.0
brigand,3,0.0
MOUTON,3,601375.0
PAPAYA,3,0.0
saint martin,3,30000.0
MULLER,3,0.0
Aubourdy,3,81250.0
AVIAS,3,400.0
LOUWAGIE,3,1357711.0
burkhalter,3,0.0
Aubin,3,63172.0
PELLICANO,3,262443.0
Aubin-Sicard,3,0.0
Aigoin,3,0.0
Maurel,3,0.0
bernardi,3,0.0
Bréaud,3,22569.0
Maciejasz,3,0.0
Mistler,2,0.0
Galliard-Minier,2,94.0
GROSVALET,2,0.0
MAUVIEUX,2,0.0
Molton,2,0.0
Molossi,2,0.0
Missoffe,2,8098954.0
Gairaud,2,0.0
RABELLE,2,0.0
Molac,2,0.0
MAUPOIL,2,0.0
HENNO,2,1250.0
Marais,2,0.0
GRENON,2,0.0
Monnier,2,0.0
Modde,2,200.0
vogel,2,2652280.0
Garot,2,166306.0
HERZOG,2,201114.0
visentin,2,0.0
RAFFIN,2,0.0
Mallié,2,27720.0
Maliar,2,0.0
Majourel,2,0.0
Miossec,2,0.0
HERBET,2,0.0
Matheron,2,0.0
GUINIOT,2,48576.0
Matergia,2,400.0
GRANET BRUNELLO,2,0.0
HEO,2,0.0
GRANGIER,2,0.0
HENRY,2,0.0
GRANIER,2,0.0
RAFFALLI,2,0.0
Gascon,2,0.0
GRIMA,2,0.0
RAYNAL,2,0.0
MAUGRAS,2,0.0
Gasparini,2,0.0
GROSDIDIER,2,20200.0
HADIZADEH,2,0.0
MENICHON,2,0.0
MEGGIATO,2,225554.0
GUILLOT,2,0.0
Garrabe,2,238970.0
RAVOT,2,430246.0
MEIGNEN,2,1182000.0
MEKHANTAR,2,0.0
RAUX,2,0.0
vigier,2,5168930.0
Gassilloud,2,1760800.0
GUHL,2,24384.0
ABADIA,2,0.0
REBOUH,2,0.0
RE,2,0.0
HAMON,2,0.0
Quiévy,2,0.0
zuili,2,485510.0
Galut,2,0.0
HAMBLIN,2,0.0
Mayaud,2,0.0
MATILLON,2,0.0
HERMENIER,2,0.0
HAITI,2,200352.0
GUYON,2,64638.0
Garraud,2,10000.0
RAYOT,2,1400.0
GUIMBERTEAU,2,827.0
HAULLER,2,0.0
GRUDLER,2,7000.0
HARRIBEY,2,13100.0
HARDY,2,0.0
MATT,2,30000.0
GRUET,2,26351.0
HEDDADI,2,0.0
MATTEI,2,368450.0
MAUDET,2,0.0
GRZEZICZAK,2,0.0
vignon,2,0.0
MARY,2,0.0
MAS,2,0.0
MOURIER,2,266358.0
Gloanec Maurin,2,0.0
MARION,2,0.0
QUERRARD,2,0.0
RUCHETON,2,0.0
Goasdoué,2,0.0
Martineau,2,8330.0
RUMEAU,2,0.0
Morlon,2,0.0
Quernez,2,172.0
Quenette,2,314348.0
Mansouri,2,0.0
QUINTON,2,0.0
MUSSOTTE,2,0.0
Mansour,2,114000.0
Gobert,2,92966.0
HOURQUET,2,4375656.0
MASSEGLIA,2,0.0
ROUTIER,2,0.0
HOUPERT,2,84000.0
MURA,2,0.0
MARCY,2,3752.0
MARGATE,2,0.0
Prioleaud,2,1000.0
MARAEURA,2,80.0
QUEIROS,2,0.0
Marquez,2,0.0
Marolleau,2,0.0
Puissat,2,0.0
MARC,2,0.0
MARIANI,2,0.0
Garino,2,0.0
Portier,2,0.0
Portarrieu,2,0.0
MOURRA,2,529276.0
MARIE-REINE,2,0.0
Maximi,2,0.0
ROYOUX,2,0.0
Pozzo di Borgo,2,443080.0
MARCHIO,2,131001.0
MARCHIS,2,1000.0
Pouzyreff,2,0.0
MARCILLY,2,496500.0
MARICOT,2,0.0
GOT,2,0.0
HOCQUELET,2,81250.0
HOCHART,2,0.0
GOUET,2,100.0
MATHIASIN,2,0.0
HERVIEU,2,488220.0
Maréchal-Le Pen,2,0.0
MATHONIER,2,537954.0
GOULET de RUGY,2,0.0
MATIGNON,2,0.0
HOUOT,2,0.0
HIGNET,2,480.0
Moreira,2,0.0
Mardikian,2,3000.0
Morgo,2,0.0
RAINVILLE,2,145228.0
HELMER ZAMMIT,2,0.0
GUELLEC,2,0.0
Moser,2,0.0
willaume,2,4794.0
Mathis,2,0.0
Monin,2,200500.0
Mariaud,2,0.0
MASSET,2,159991.0
Maamaatuaiahutapu,2,0.0
HOULLEY,2,0.0
HUNAULT,2,406950.0
HUMBERT,2,0.0
HULAUD,2,0.0
HOCBON,2,10000.0
MARTIN-GENDRE,2,26858.0
MARTIN-GRAND,2,0.0
GUIOL,2,0.0
HOFFSESS,2,0.0
HORY,2,45954.0
HORNY,2,0.0
Marie-Louise,2,0.0
HOMMET,2,242000.0
Montagne,2,0.0
Godinot,2,22000.0
Hehn,2,73300.0
Hayer,2,0.0
GOYARD GUDEFIN,2,0.0
HOI,2,0.0
Gautier,2,103200.0
Godichaud,2,0.0
Mette,2,0.0
Gontard,2,56000.0
ROBLOT,2,0.0
Gonnet Tabardel,2,0.0
AMSLER,2,1535760.0
ROCHAIX,2,0.0
Gouverneur,2,307860.0
Meurin,2,2000.0
Gourney Leconte,2,0.0
MITTELHAUSSER,2,0.0
Marsat,2,0.0
MOLIERAC,2,23000.0
Gouin,2,400000.0
soussi,2,1591500.0
Gouffier Valente,2,0.0
ALLINGRI,2,0.0
MINIER,2,15000.0
ROSEREN,2,509675.0
MORETTI,2,0.0
MORETTE,2,0.0
MORVAN,2,0.0
MODURIER,2,17342.0
MOYSE,2,0.0
AMBLARD,2,339918.0
Merckaert,2,0.0
Mercuzot,2,0.0
Mesmeur,2,0.0
RODRIGUES,2,0.0
Messeanne,2,0.0
RONZIERE,2,316139.0
Gras,2,2559982.0
Meizonnet,2,0.0
AMAILLAND,2,0.0
Mellinger,2,78836.0
Gozi,2,0.0
Goy-Chavent,2,47407.0
Menchon,2,0.0
GUILLAUMON,2,0.0
Grelier,2,0.0
Grelet-Certenais,2,0.0
Gonzalez,2,0.0
Meszaros,2,0.0
ROBINSON CHOCHO,2,0.0
ROQUE,2,0.0
Mesure,2,0.0
Gomes,2,0.0
Goeury,2,0.0
MORALLET,2,0.0
MORANCAIS,2,30.0
AT,2,113456.0
Germanangue,2,78400.0
Germain,2,0.0
Gerbaud,2,617848.0
Gillé,2,0.0
Gilles épouse Vassal,2,0.0
MINIOU,2,1224000.0
Gil,2,0.0
GUIGNARD,2,0.0
MORISSEAU,2,0.0
MORANO,2,0.0
ROBINSON,2,100.0
MORANÇAIS,2,1926.0
ALLISIO,2,0.0
MORAZIN,2,0.0
Gibelin,2,0.0
ALLIONE,2,500.0
RIVRON,2,0.0
Giletti,2,29150.0
MIRALLES,2,268688.0
RIVIERE,2,2000.0
Gumbs,2,0.0
MIRANDE,2,30.0
GUIGUE,2,571974.0
Madaule,2,20183.0
ROMANO,2,0.0
Magnier,2,0.0
Guiraud-Chaumeil,2,133826.0
GUIOUGOU,2,0.0
MUSSINGTON,2,37050.0
Maguin,2,0.0
Gosselin,2,480000.0
Mahiet-Lucas,2,0.0
ATTAL,2,260000.0
GUITTET,2,0.0
RINGOT,2,0.0
Giscard d'Estaing,2,9079786.0
Maillet,2,0.0
Gervès,2,0.0
GUSTAVE,2,10100.0
MURZI,2,500.0
RIGOLLOT,2,1675972.0
Guillemy,2,0.0
Mabire,2,0.0
Massot,2,0.0
smihi,2,0.0
MENONVILLE,2,384027.0
MERCHIER,2,0.0
Gerard,2,0.0
RIAZE,2,0.0
tallet,2,0.0
Gatault,2,715184.0
GUILLON,2,1832000.0
REYNIER,2,0.0
Massebeuf,2,0.0
AMRANE,2,250.0
REYNAL,2,0.0
MONROSE,2,0.0
Gatuhau,2,0.0
MICHALLET,2,5020.0
Grégoire,2,4280.0
ANILHA,2,0.0
Gaugain,2,76.0
MERIAUDEAU,2,0.0
GUELPA-BONARO,2,92.0
Marsaud,2,0.0
RAINERI,2,0.0
MAURIN née VERDOUX,2,0.0
MONTAGNAT,2,4106.0
RATENON,2,0.0
MONTECOT,2,100000.0
MONTILLOT,2,0.0
RASTOUL,2,0.0
RAPPENEAU,2,600.0
MESTRIES,2,0.0
RAPIN,2,7559.0
RANDRIAN,2,0.0
MONTORO-SADOUX,2,0.0
GUEROULT,2,0.0
MORAINE,2,0.0
Guidoni,2,0.0
Guibert,2,0.0
Gendraud,2,694300.0
sourisseau,2,0.0
MONDONE,2,0.0
Genest,2,0.0
RAPP,2,75605.0
HAYE,2,0.0
ROCHER,2,152.0
REID ARBELOT,2,479663.0
MOSTACHI,2,0.0
REGOL,2,0.0
ROMET,2,0.0
Mennetrier,2,1500.0
REGNAULT de MONTGON,2,4296.0
ROMMEL,2,0.0
ROGEBOZ,2,0.0
Gruny,2,0.0
RECALDE,2,11200.0
RENAULT,2,0.0
ROCHET,2,0.0
Merabet,2,0.0
ROCHETTE,2,757946.0
AMIABLE,2,0.0
RICHIOUD,2,0.0
Maïa,2,0.0
ROGER-MOIGNEU,2,500.0
GUILLEMIN,2,0.0
RIOTTON,2,0.0
REDON-SARRAZY,2,0.0
GUYOT,2,0.0
Grousseau,2,0.0
RENAUDIN,2,0.0
ROTH,2,0.0
ANGLADE,2,0.0
ROTSEN,2,0.0
ANGELRAS,2,1520668.0
RENARD,2,6000.0
Macé,2,0.0
ROME,2,175000.0
Mendes,2,0.0
ROHART,2,0.0
Midy,2,165599.0
Millan,2,0.0
MICHOUX,2,27865644.0
REVEL,2,0.0
RETAILLEAU,2,97.0
ROMELLE,2,141090.0
MICOULEAU,2,0.0
ROMAGNY,2,160000.0
MILLER,2,272736.0
ROMERO GAYO,2,0.0
REISS,2,999.0
LAIGNEL,2,0.0
LAHORE,2,48299.0
OUADAH,2,0.0
OUSTRIC,2,0.0
Obono,2,0.0
POIRAUD,2,0.0
LAFFORGUE,2,0.0
LAFFORE,2,0.0
LAHELLEC,2,0.0
LAGUERRE,2,0.0
Odoul,2,0.0
OLLIVIER,2,0.0
LAGNEAU,2,25080.0
LAERNOES,2,326903.0
ROYER,2,0.0
Ozenne,2,56000.0
LACOUX,2,0.0
Ollivier,2,0.0
LACOSTE PALASSET,2,0.0
Olléon,2,0.0
Omarjee,2,790810.0
Laigneau,2,0.0
LABELLE,2,6040.0
LABARTHE,2,0.0
LACAPERE,2,0.0
LABOUR,2,0.0
POURTIER,2,0.0
Orhon,2,0.0
Oternaud,2,0.0
Ott,2,58022.0
OMAR OILI,2,0.0
PAGLIARULO,2,0.0
PIRON,2,82467.0
PIRES BEAUNE,2,692.0
PAHIO-JENNINGS,2,0.0
POIFOL-FERREIRA,2,0.0
PAHUN,2,52500.0
Lardet,2,0.0
PLATRET,2,0.0
PAPILLION,2,0.0
PAINEAU,2,10309486.0
PAJOT,2,0.0
PALACIN,2,115515.0
PALLUEL,2,0.0
PALMONT,2,0.0
PIQUEMAL,2,3050.0
LAKRAFI,2,20000.0
PIMPIE,2,275764.0
PILOT,2,0.0
PILLEFER,2,0.0
POINY TOPLAN,2,0.0
PANNIER-RUNACHER,2,12036.0
PANONACLE,2,726505.0
POLSKI,2,0.0
LUCOT,2,212.0
LUCZAK,2,9000.0
POLIFONTE,2,0.0
LUGA Epse PUCHON,2,0.0
LOUISY-LOUIS,2,25577.0
LAM,2,546866.0
LOUSSAN,2,0.0
LALUCQ,2,0.0
PINHO,2,0.0
Keller,2,2000.0
Le Breton,2,339713.0
OBERTI,2,0.0
Katzenmayer,2,0.0
Kalfon,2,1176768.0
Jouve,2,18585.0
KHELFA,2,0.0
OHANESSIAN,2,0.0
OLIVATE,2,0.0
Le Nagard,2,118716.0
KOSSOWSKI,2,485328.0
KORCHEF-LAMBERT,2,350000.0
Le Ray,2,49537.0
KOHUMOETINI,2,15026.0
KOCH,2,0.0
Kervran,2,500.0
Le Callennec,2,20238.0
Le Gall,2,0.0
Le Gleut,2,0.0
Lavarde,2,80565.0
PRUDHOMME,2,0.0
PRUD'HOMME,2,0.0
PROUST,2,633424.0
ONIMUS,2,0.0
KICHENIN,2,0.0
KHIROUNI,2,0.0
POULLOT,2,21342.0
PRIMAS,2,25082.0
PRIDO,2,0.0
PREVOST,2,0.0
Lebon,2,0.0
Le Caill,2,0.0
Laura,2,0.0
Lamy,2,0.0
Lang,2,535262.0
Langevine,2,0.0
Langlade,2,0.0
Langlois,2,0.0
Lahoreau,2,0.0
Kouassi,2,0.0
LABORIE,2,0.0
Nicolas,2,67742.0
LABICH,2,0.0
POTEAU,2,727254.0
PORTIER,2,0.0
Nofri,2,0.0
Noguet,2,0.0
KOUATHE,2,1508.0
Knafo,2,0.0
Klinkert,2,145372.0
Klinger,2,3000.0
Nury,2,0.0
Nevers,2,0.0
PORCQ,2,713000.0
POQUIN,2,13734.0
PONS et HUGUET,2,0.0
PONS,2,126400.0
Le Bigot,2,0.0
POULIQUEN,2,0.0
POUEYTO,2,1360.0
KUNTZ,2,0.0
KUCHCINSKI,2,0.0
KSAZ,2,0.0
Nosbé,2,0.0
LENOURRICHEL,2,104000.0
LENFANT,2,140000.0
LEGUAY,2,0.0
LEPINE,2,0.0
LEHONGRE,2,0.0
LE HIR,2,0.0
LE GRIP,2,5626.0
PELLEGRIN,2,314102.0
PELLENC,2,169165656.0
LE GOFF,2,19978.0
PAUSE,2,0.0
LE GAYIC,2,0.0
LE NINIVEN,2,0.0
LE NABOUR,2,60000.0
PACCAUD,2,0.0
LE GAC,2,177.0
PEANY,2,0.0
LE FEUR,2,77165.0
PECHOUX,2,0.0
PATARD-LEGENDRE,2,0.0
LESCOUTE,2,84810.0
LESEIGNEUR,2,800.0
LESUEUR,2,170040.0
PEILLEX,2,905724.0
PFLIEGERSDOERFFER,2,0.0
PELISSIER,2,110844.0
LIEBGOTT,2,0.0
PFANDER-MENY,2,0.0
PIEDNOIR,2,485698.0
LETARD,2,0.0
PAYRE,2,0.0
PELTIER,2,0.0
LEFORT,2,10158.0
PENA,2,523976.0
PENHOUET,2,0.0
LIME VIEILLE,2,5000.0
LINGEMANN,2,40000.0
PETIPEZ,2,0.0
PERNEY,2,898.0
PERSIL,2,0.0
PERAZIO,2,3450810.0
LECERF,2,0.0
LECAPLAIN,2,0.0
PEREIRA DA CUNHA,2,0.0
LEDOUBLE,2,2125100.0
LEHUGEUR,2,0.0
LEONARD,2,0.0
PEROTTINO,2,22769265.0
LEOUTRE,2,0.0
PERREARD,2,250.0
LEBOUCHER,2,0.0
LEBLOIS,2,0.0
PERRET,2,238319.0
LEBEC,2,0.0
LE YONDRE,2,242010.0
PERRION,2,1208000.0
LE WEST,2,0.0
LEMASSON,2,247730.0
LEONETTI,2,338914.0
LEONCE,2,0.0
LEONARDELLI,2,0.0
LEGROS,2,23.0
LELOUIS,2,0.0
LAVERGNE,2,0.0
LIVRELLI,2,500.0
LAUSSINE,2,0.0
LAURENT-PERRIGOT,2,0.0
LLORCA,2,0.0
LE MEUR,2,139929.0
LE MENER,2,0.0
LE RUDULIER,2,0.0
LORHO,2,0.0
LE PEN,2,1280256.0
LE PEIH,2,532221.0
LOUBET,2,45418.0
LATOMBE,2,8174.0
PATRIARCHE,2,1520.0
PATRU,2,0.0
LEVASSEUR,2,9622.0
LAOUEDJ,2,0.0
PAULIAT-DEFAYE,2,5690.0
LASSALLE,2,6320607.0
LARGHERO,2,80.0
LAFARGUE,2,20.0
PARTRAT,2,300.0
LAMOTTE,2,0.0
LAMON,2,0.0
PASCAL,2,0.0
LANGOUET,2,0.0
LANDREAT,2,0.0
LANCINE,2,0.0
LANA,2,16000.0
PANIFOUS,2,83531.0
PANNEKOECKE,2,0.0
PAUGET,2,1810046.0
LEVI,2,54473.0
PIANEZZA,2,287268.0
PERRY,2,1005544.0
LIRON,2,500.0
PERRUT,2,401179.0
LISSANT,2,0.0
PEULTIER,2,15800.0
LHERBIER,2,0.0
PHINERA-HORTH,2,0.0
LE CORRE,2,281203.0
LHERITIER,2,0.0
LE COQ,2,0.0
LE CHEQUER,2,0.0
Labardin,2,0.0
Lachaud,2,0.0
LOIZON,2,0.0
PIGRENET,2,2080506.0
LURIN,2,17000.0
La Dune,2,0.0
LE BOLU,2,0.0
LE BIHAN,2,0.0
LE BERRE,2,16377.0
LUBIN,2,0.0
LOPEZ LIGUORI,2,3364.0
LAVILLE,2,0.0
LORENZELLI,2,0.0
LOIRE,2,0.0
LAVERSIN,2,0.0
LE DIFFON,2,0.0
LASSUS SUAREZ,2,0.0
LASSERRE,2,22737.0
PILA,2,29666.0
Myard,2,0.0
IRLES,2,0.0
INEZARENE,2,550.0
Pluchet,2,1500.0
Hélion,2,900.0
Hégo,2,0.0
Mélin,2,0.0
HÉMAIN,2,0.0
HÉDIN,2,0.0
Ménagé,2,600.0
Huyghe,2,417093.0
Huwart,2,0.0
MARGIER,2,0.0
IGNASZAK,2,0.0
Lebraud,2,0.0
Pla,2,7600.0
Piqué,2,0.0
NAUDY,2,0.0
NE,2,0.0
Münzer,2,0.0
Piquemal,2,0.0
NACHEL,2,0.0
Poniatowski,2,918400.0
NADEAU,2,0.0
Poignonec,2,0.0
NADILLE,2,0.0
NAILLET,2,0.0
Pochon,2,1800.0
Philippe,2,3183.0
NANA-IBRAHIM,2,0.0
Plazzi,2,0.0
Phélippeau,2,1712700.0
Lorain,2,0.0
Loric,2,0.0
JACQUE,2,342221.0
JABLONSKI,2,70710.0
JARRASSIER,2,53000.0
JARDIN,2,0.0
JANDER,2,2150.0
JEANJEAN,2,0.0
Isinger,2,0.0
Isaac-Sibille,2,951247.0
Léaument,2,6.0
JALLAT,2,0.0
JACQUIN,2,152256.0
JACQUET-VIOLLEAU,2,0.0
ISABELLE,2,3351085.0
Lécher,2,0.0
Lécuyer,2,0.0
JOSSO,2,0.0
JOSSERAND,2,229920.0
JUILLOT,2,0.0
NICOLE,2,0.0
JUGLARET,2,0.0
Ivol,2,0.0
NICOLEAU,2,0.0
NICOLLE,2,0.0
Léonelli,2,0.0
Issa,2,0.0
IDRAC,2,0.0
Létard,2,34442.0
IACOVELLI,2,26934.0
JACQUES,2,0.0
Imart,2,595034.0
Iliozer,2,0.0
MADER,2,130.0
Muriel,2,197500.0
Muselier,2,17426379.0
Moulin,2,0.0
Henriet,2,0.0
Henriat,2,0.0
Hakem,2,0.0
Moullière,2,0.0
Habib,2,320480.0
Mouquet,2,0.0
Mourlevat,2,0.0
Hamen,2,0.0
Hamelet,2,65252.0
Pinon,2,0.0
MARCHANI,2,1000.0
Hamel,2,3594.0
MANZANARES,2,0.0
Haag,2,0.0
MANÇANET,2,0.0
MAONO,2,0.0
HYBERT,2,7422.0
Mulatier-Gachet,2,0.0
HUVET,2,177226.0
HUSSON,2,25679.0
HURELLE,2,107600.0
HUOT,2,0.0
Hallé,2,0.0
Poumirol,2,18678.0
Prunet,2,0.0
Moutchou,2,0.0
Pinet,2,0.0
Pilato,2,438.0
MAGNAN,2,0.0
NEUDER,2,247.0
Plissonnier,2,500.0
Plez,2,0.0
Huguet,2,0.0
NEUVY,2,1249202.0
Hubaud,2,0.0
Houssin-Salvetat,2,14790.0
NICCOLETTI,2,0.0
Houlès,2,17247.0
Houlié,2,0.0
Poulin,2,292.0
Hentsch,2,0.0
MADELEINE,2,0.0
NASICA,2,0.0
Honorè,2,0.0
Hollande,2,616657.0
Hogard,2,20500.0
NATIVEL,2,0.0
Hoffman,2,0.0
Hoerlé,2,290000.0
MAGNIER,2,252780.0
Hocquard,2,0.0
Helle,2,0.0
Heison,2,0.0
Heinrich,2,1337910.0
Hervé,2,0.0
MACHORO-REIGNIER,2,0.0
Hervieu,2,0.0
NICOLAI,2,25.0
Joron,2,0.0
Joncour,2,0.0
Jolly,2,18000.0
Juste,2,0.0
Jung,2,0.0
Juliette,2,357.0
Jesson,2,221488.0
Jeannenez,2,0.0
Jean-François,2,360000.0
Jean,2,0.0
Pellefigue,2,0.0
Pedrini,2,0.0
Lemaignen,2,0.0
JUIN,2,10000.0
Picard,2,500.0
Narassiguin,2,103898.0
JUVIN,2,128870.0
JUSTOME,2,5000.0
Jardiné,2,0.0
Nauche,2,0.0
Jadot,2,6000.0
Patriat,2,11795.0
Lenormand,2,0.0
Patoux,2,42686.0
Patient,2,42496.0
JUNG,2,273276.0
JUND,2,0.0
Lepers,2,0.0
Lepoultier,2,0.0
JULLEMIER,2,2800000.0
Jacob,2,1200.0
PROENCA,2,0.0
PRIVAT MATTIONI,2,1.0
PRIVAT,2,0.0
Pabritz,2,8520.0
PUNUA,2,1676.0
Le Hénanff,2,2000.0
Pantel,2,0.0
Panot,2,0.0
Pane,2,0.0
Lecoq,2,0.0
Liégeon,2,0.0
Paillocher,2,0.0
Justinien,2,0.0
Logié,2,4000.0
KERDRAON,2,0.0
Lebreton,2,0.0
Loiseau,2,0.0
KBIDI,2,75245.0
KAUTAI,2,494.0
Paccaud,2,0.0
Lenoir,2,37959.0
Lefebvre,2,0.0
Juglard,2,0.0
Legavre,2,0.0
KASBARIAN,2,0.0
KAROUTCHI,2,0.0
KARAMANLI,2,139800.0
KANNER,2,29080.0
Jérémy,2,0.0
Jourdan,2,442.0
Leguicher,2,0.0
Loir,2,0.0
Lescure,2,0.0
Peraldi,2,0.0
Leseul,2,7100.0
Limongi,2,0.0
Limonta,2,3681.0
Peytavie,2,0.0
Peyroulet,2,213853.0
Peu,2,0.0
Linkenheld,2,0.0
Linquette,2,17000.0
Lioret,2,0.0
Liso,2,155013.0
JIBRAYEL,2,0.0
Pelleteur,2,200000.0
Pellerin-Carlin,2,200.0
JULIEN-EMMANUEL-LUREL,2,1800000.0
Lottiaux,2,0.0
Petex,2,6436.0
MANCEAU,2,0.0
MANCUSO,2,85119.0
Petchot-Bacqué,2,0.0
Perrocheau,2,15618.0
MANDON,2,3840.0
JEANBRUN,2,0.0
MAILLARD,2,0.0
MAILLOT,2,0.0
MAISONNEUVE,2,0.0
Lucas,2,700.0
Lumeau-Preceptis,2,0.0
Longeot,2,16213.0
Piera,2,486.0
Levieux,2,0.0
NOGUIER,2,300.0
NOUVEL,2,0.0
JULIEN,2,0.0
NIKOLIC,2,7662.0
NILOR,2,0.0
Paganin,2,0.0
Parmentier,2,0.0
Papin,2,0.0
NIQUE,2,580000.0
Panunzi,2,0.0
Paumier,2,26451.0
Patrier-Leitus,2,720020.0
Levavasseur,2,0.0
NOËL,2,0.0
JOLLIT,2,0.0
Limoge,2,0.0
JODAR,2,0.0
Nadine,2,20400.0
Nahant,2,151980.0
Najdovski,2,0.0
Nakib,2,0.0
JOULIA,2,0.0
NIVA,2,0.0
Lhermitte,2,996.0
Lhomme,2,0.0
JESTIN,2,0.0
JENFT,2,5274049.0
JEANSON,2,6646.0
JEANSANNETAS,2,12750.0
JEANNE,2,0.0
Libsig,2,0.0
JOLIVET,2,821469.0
coulon,2,56053.0
chudeau,2,0.0
cigolotti,2,0.0
chauvet,2,0.0
Bonnivard,2,0.0
Bonnus,2,1080000.0
Bolo,2,0.0
Bonfanti-Dossat,2,253628.0
Boni Da Silva,2,0.0
Marchetti,2,0.0
Boudié,2,350.0
Bouget,2,100.0
Boucard,2,0.0
Boucher,2,0.0
canfin,2,52000.0
capdevielle,2,486872.0
carelli,2,0.0
carles,2,0.0
calas,2,40405.0
califer,2,0.0
codorniou,2,35460.0
Blairy,2,0.0
Blanc,2,0.0
Bez,2,0.0
Biancarelli-Lopes,2,0.0
Boccaletti,2,0.0
Boeuf,2,0.0
Blanchard épouse Jacques,2,0.0
Blaya,2,0.0
Blin,2,0.0
coquerel,2,0.0
dallet,2,0.0
courtel,2,100000.0
cousein,2,35100.0
cozic,2,7794.0
coënt,2,0.0
Blinette,2,70000.0
Bluteau,2,45000.0
chauvin,2,0.0
chartreux,2,8513448.0
Bouyssou,2,500.0
Bigot,2,63715.0
briand,2,691165382.0
brin,2,0.0
brissard,2,320964.0
brochot,2,224850.0
Brule Delahaye,2,0.0
Bres,2,210000.0
Bresson,2,0.0
Briante Guillemont,2,0.0
Braun-Pivet,2,3311904.0
calvez,2,0.0
brossel,2,0.0
cambon,2,432094.0
Buffet,2,0.0
Bui-Xuan Picchedda,2,2004.0
Brouille,2,0.0
bienaimé,2,0.0
bisson,2,0.0
blanc,2,0.0
blanchard,2,60000.0
Burgoa,2,0.0
brossat,2,0.0
cambier,2,0.0
chabot,2,0.0
chaline,2,0.0
catillon,2,0.0
cazard,2,0.0
Bourdeau,2,0.0
Boureau,2,0.0
Bourel,2,0.0
Boulogne,2,17183.0
Boumertit,2,0.0
brulin,2,0.0
Bouquet,2,67064.0
Branco,2,1000.0
Bourgeois,2,35200.0
Bourleau,2,114213.0
Bourouaha,2,0.0
bouyx,2,454.0
braive,2,0.0
brenier,2,0.0
breuilh,2,0.0
bothorel,2,0.0
Bounes,2,7644.0
BUX,2,0.0
delaire,2,83925.0
delattre,2,0.0
demas,2,10500.0
demois,2,0.0
de Pélichy,2,1350800.0
de Waziers,2,0.0
de Lépinau,2,643434.0
Barbier,2,0.0
Billard,2,0.0
de la Verpillière,2,647400.0
de russé,2,110415.0
de scorraille,2,0.0
degruelle,2,0.0
de NICOLAY,2,8000000.0
Barrot,2,35328.0
Baudoux,2,0.0
Barrouillet,2,0.0
Barthès,2,5836.0
Barusseau,2,0.0
Bardisa,2,0.0
BROCARD,2,0.0
BROSSET,2,1000.0
BROSSIER,2,0.0
BROU,2,100.0
BROUILLET,2,0.0
BRUYEN,2,0.0
BUCHERT,2,0.0
BUCHOU,2,0.0
Battail,2,2362040.0
BUTCHER,2,8332.0
BUNLON,2,0.0
BUREAU,2,0.0
BURGY,2,0.0
BRUTHE,2,22950.0
BRUTUS,2,0.0
Balage El Mariky,2,0.0
Balanant,2,0.0
Balandraud,2,0.0
Baldy,2,186000.0
BURON,2,0.0
Battistel,2,0.0
cuvelier,2,7200.0
Benbrahim,2,14.0
Benmokhtar,2,0.0
de Bonet d Oléon,2,452.0
de Bourrousse,2,5000000.0
de COURSON,2,124245.0
de Cidrac,2,0.0
Bertran,2,0.0
Berger,2,0.0
Bassani,2,0.0
Benassy,2,0.0
Bessac,2,0.0
Besse,2,0.0
Besson,2,0.0
Bernhardt,2,0.0
Bichet,2,83516.0
Bienvenu,2,0.0
Bouchier,2,0.0
Bouchoux,2,0.0
Boudineau,2,8120.0
Bernalicis,2,0.0
Bataille,2,0.0
Bay,2,91725.0
Bazin-Malgras,2,112594.0
Berville,2,182.0
Beaugendre,2,0.0
Beaulande,2,0.0
Becousse,2,0.0
Baume,2,1000.0
Belhomme,2,0.0
Belin,2,0.0
cueff,2,27190.0
Bellamy,2,0.0
de Comarmond,2,0.0
de LA HAMAYDE,2,0.0
Belluco,2,200.0
Belot,2,149694.0
Belouassa Cherifi,2,0.0
dardant,2,0.0
dauchelle,2,205000.0
creugnet,2,0.0
croizard,2,0.0
Bell-lloch,2,0.0
Wilsius,2,0.0
XOWIE,2,0.0
YADAN,2,158665.0
CHERRIER,2,0.0
CHAVANON,2,5000.0
CHAVENT,2,49348.0
CHAVEROT,2,22385.0
CHEDOUTEAUD,2,0.0
CHEKHEMANI,2,0.0
blin,2,4800.0
CHESNEAU,2,200.0
CHENEVARD,2,361147.0
CHEREAU-NEMAZINE,2,0.0
WARSMANN,2,1080526.0
WATTEBLED,2,2.0
WAUQUIEZ,2,9802.0
Vogel,2,20695052.0
Voisin,2,0.0
CIUNTU,2,0.0
CHOPARD,2,0.0
CHIKIROU,2,261706.0
CHIAVASSA,2,119880.0
alleman,2,50000.0
ZOBDA,2,48000.0
ZELTZ,2,0.0
ZIEGLER,2,1700.0
CHARLIER,2,0.0
CHARPENTIER,2,790.0
CHARRE,2,0.0
CHANFI,2,0.0
Youssouf,2,0.0
CHAPUIS,2,0.0
achalme,2,8450.0
CHAUVEAU,2,50.0
CHASSEING,2,700000.0
Weber,2,0.0
Wehrling,2,0.0
Weiss,2,2.0
WOITIER,2,10100.0
YOUSSOUFFA,2,0.0
Yon-Courtin,2,378.0
CHAPEL,2,0.0
Violland,2,16.0
CONAN,2,0.0
CONCONNE,2,0.0
COLLART,2,500000.0
COLOM,2,240000.0
COLOMBANI,2,950.0
COLOMBIER,2,751187.0
COHEN,2,200.0
COPPOLA,2,0.0
CHOUVIER,2,0.0
CORBIERE-FAUVEL,2,0.0
CORBISEZ,2,20215.0
COMBELLE,2,0.0
Vaginay,2,0.0
Valerie,2,0.0
VOITURIEZ,2,0.0
VOLPATO,2,0.0
VON-PINE,2,1200000.0
VIROULAUD,2,743.0
CORMIER épse ANDRE,2,12800.0
COQUELET,2,0.0
CHRISTOPHE,2,70150.0
WEILL,2,972288.0
WAROT,2,0.0
CLAVE,2,0.0
CLEMENT,2,0.0
CLEMENTE,2,2336.0
CIETERS,2,0.0
CIGANA,2,0.0
CINEUX,2,0.0
CIOTTI,2,0.0
Villedieu,2,0.0
Wallart,2,0.0
CLICQ,2,38817.0
CLÉMENT,2,0.0
CLAUDE,2,0.0
Vigier,2,0.0
Vigneron,2,0.0
Verdier,2,9800.0
Verien,2,0.0
COINTAT,2,0.0
Vigouroux,2,0.0
WOYNAROSKI,2,0.0
CALMELLY,2,0.0
benoit,2,0.0
CAPS,2,0.0
CAPUS,2,0.0
CARCHON,2,0.0
CAREIL,2,152.0
CANTALOUBE,2,5357.0
bertrand,2,54000.0
bertucat,2,90.0
CHEVROLLIER,2,46268.0
belleil,2,44120.0
ben cheikh,2,0.0
bennacer,2,0.0
beaujouan,2,0.0
badenas,2,83000.0
baile,2,5260.0
barenton guillas,2,2.0
barret,2,0.0
barruel,2,185875.0
CAROIT,2,0.0
besnard,2,2300.0
bohl,2,0.0
bonnecarrere,2,170.0
CADIOU,2,100.0
CADUDAL,2,0.0
Bécart,2,0.0
Bélim,2,0.0
Bénard,2,0.0
Bénévise (Graindorge),2,0.0
boudet,2,0.0
boutenegre,2,0.0
CANOVA,2,0.0
CABANIS,2,0.0
CADEC,2,54426.0
CAMARA,2,0.0
CASTRO,2,90.0
CATHERINE,2,0.0
CATTIN,2,5000.0
CAPDEPON,2,0.0
CANARD,2,157500.0
CANAYER,2,188997.0
CANICAVE,2,0.0
Bône,2,0.0
CERINO,2,31798.0
CHABAL,2,0.0
CAUDRON,2,0.0
CAUWET,2,0.0
CAVITTE,2,30620.0
CHALUMEAU,2,2000.0
CHAMBARET,2,0.0
CHAILLEUX,2,0.0
CHAILLOU,2,0.0
CARON-DECROIX,2,0.0
arik,2,0.0
arsac,2,39000.0
amoros,2,0.0
andreu sabater,2,0.0
angeletti,2,0.0
apourceau-poly,2,303865.0
ZILIO,2,600.0
ZAMMIT-POPESCU,2,0.0
ZANNETTACCI,2,0.0
CHEVREAU,2,0.0
CHAIMOVITCH,2,0.0
barthelet,2,0.0
baylac,2,0.0
bazile,2,97648.0
CARPENTIER,2,0.0
CARRERE-GEE,2,9440.0
CARRIQUE,2,0.0
CARROT TANNEAU,2,0.0
CARILLON,2,5000.0
CAUCHE,2,0.0
CARRÈRE,2,0.0
CEDILEAU,2,0.0
CASSAGNOLE,2,26543.0
CASSOU-SCHOTTE,2,0.0
CASTOR,2,3040.0
CAZAUBON,2,320000.0
CAZENAVE,2,211344.0
CAZENEUVE,2,1437288.0
CHATILLON,2,8489733.0
CHAULET,2,0.0
CHAUMONT,2,0.0
CECCOLI,2,14054910.0
CARUHEL,2,100.0
Arini,2,0.0
Ariztegui,2,0.0
Auzou,2,55000.0
Ayache,2,0.0
BARREAU,2,250.0
BASTIANI,2,0.0
BARIL,2,0.0
BACHÉ,2,0.0
BADERI,2,0.0
BRUSSAT,2,0.0
Augey,2,3850.0
Auslender,2,28000.0
Autain,2,0.0
Auzanot,2,0.0
BAGNON,2,0.0
BABAUT,2,0.0
pantel,2,0.0
patouret,2,1002.0
BAILLY,2,0.0
BAKHTIARI MOGHADDAM,2,0.0
Aufort,2,0.0
payan,2,0.0
pericard,2,1810604.0
perrin,2,830142.0
peters,2,0.0
petiot,2,8000.0
pano,2,0.0
panosyan-bouvet,2,649518.0
potier,2,294230.0
pottier,2,0.0
Arfeuille,2,0.0
philippon,2,0.0
pic,2,0.0
pinville,2,0.0
Aoudjehane,2,0.0
Appéré,2,0.0
Ardouin,2,1422.0
plantade,2,0.0
Arnault,2,0.0
Asensi,2,0.0
Assaf,2,0.0
poux,2,0.0
mandelli,2,500.0
manoa,2,0.0
BELLIARD,2,8800.0
BELLINI,2,1255.0
BELTZUNG,2,0.0
menache,2,1580228.0
marolleau,2,11116025.0
martin,2,980.0
mazet,2,0.0
BALCON,2,0.0
malhuret,2,344702.0
BAUDOUX,2,212822.0
mesnil,2,0.0
metzdorf,2,401600.0
meziane,2,0.0
mebarek,2,0.0
BAUMEL,2,0.0
BAVIERE,2,0.0
BATHO,2,0.0
BATTAGLIA,2,0.0
malaterre,2,434.0
BALDECCHI,2,0.0
BEAUDREY,2,115.0
BEAUME,2,0.0
BAYLET,2,144006.0
BEARUNE,2,0.0
morisse,2,0.0
nabenesa,2,24452.0
naegelen,2,7550043.0
moreau,2,10500.0
BEAU,2,0.0
BALLESIO,2,8000.0
BAMCOLO,2,0.0
nury,2,105000.0
olivier,2,854669.0
ozenne,2,3800.0
narducci,2,0.0
nassah,2,220000.0
BARO,2,0.0
BARBARIN,2,0.0
BARBAUX,2,0.0
BALLAND,2,0.0
BAMANA,2,1000.0
AKPINAR-ISTIQUAM,2,160000.0
ALAIN,2,1149398.0
ALDEBERT,2,0.0
AGNERAY,2,0.0
AGOBIAN,2,0.0
valleton,2,0.0
ALEXANDER,2,0.0
ALEXANDRE,2,0.0
vialelle,2,0.0
pédehontaa,2,0.0
valente le hir,2,0.0
AFFILE,2,1626.0
sardeing,2,0.0
sargiacomo,2,0.0
saint-paul,2,150000.0
sallé,2,0.0
sandragne,2,100000.0
rudisuhli,2,76440.0
seguin,2,0.0
simeoni,2,462800.0
vidau,2,0.0
zanardo,2,0.0
ABELLI,2,350.0
ABINAL,2,0.0
yon,2,100.0
woerth,2,152000.0
ABRINAS,2,0.0
tramier,2,0.0
travers,2,0.0
teyssedou,2,0.0
thien,2,0.0
ALLEGRET-PILOT,2,475806.0
suard,2,0.0
taché,2,0.0
vallet,2,128693.0
vermillet,2,0.0
AHMED-VALI,2,0.0
AILLERIE épouse HAMARD,2,6000.0
ADAME,2,0.0
ADLANI,2,0.0
ADRIEN,2,0.0
ABADIE,2,0.0
tjibaou,2,0.0
AVIRAGNET,2,0.0
Alfandari,2,23049705.0
Allemand,2,40000.0
Aubey,2,0.0
Alloncius,2,0.0
Alloncle,2,0.0
Allosia,2,0.0
Allouch,2,0.0
Alphonse,2,2000.0
simon,2,0.0
Albouy,2,14000.0
Alemany,2,6292.0
ravier,2,0.0
Amard,2,0.0
Amirshahi,2,0.0
Alleno,2,0.0
raynaud,2,0.0
reichardt,2,237279.0
richir,2,0.0
princay,2,573.0
Albertini,2,211074.0
santelli,2,0.0
santiago,2,0.0
ARRIGHI,2,2760.0
ARTIGNY,2,241119.0
ARTIGUES,2,0.0
ARZAL,2,1000.0
ASSIH,2,0.0
ARNAULT,2,189359.0
roumegas,2,1300.0
rousseau,2,809589.0
Aguiton,2,6000.0
roiron,2,0.0
AUDOUY,2,697554.0
rosso,2,0.0
AZOUG,2,1160.0
Abelin,2,0.0
AUGIER,2,1117132.0
AVENA,2,23000.0
rusin,2,0.0
Abomangoli,2,0.0
Adam,2,48141.0
risser,2,300000.0
BORDERIE,2,0.0
BORDES,2,809532.0
BORGNE,2,0.0
BONNEFOND,2,40973.0
BORGOO,2,84000.0
BORNE,2,0.0
BOTIN,2,0.0
BOUE,2,15000.0
BOUGRAUD,2,0.0
leonetti,2,0.0
BRARD,2,3100000.0
BOURGEAUX,2,0.0
BOULEVART,2,0.0
BOULOUX,2,3560.0
BOUQUET,2,0.0
BOUCLET,2,0.0
BOUDIER,2,50000.0
gelot rateau,2,0.0
BOUSSELMAME,2,0.0
BOURAT,2,0.0
BREGEON,2,0.0
BOLE,2,5500.0
BOLZAN,2,0.0
guere,2,0.0
guerin,2,0.0
guilleminot,2,0.0
guillemoteau,2,0.0
guillet,2,0.0
BOMMALAIS,2,0.0
BONENFANT,2,0.0
BORD,2,0.0
gold,2,0.0
gosselin,2,225078.0
germain,2,287000.0
BONNEFOY,2,44.0
BONNICHON,2,16800.0
BONSANG,2,0.0
gourmand,2,0.0
grange,2,1016608.0
greffier,2,200.0
BONY,2,0.0
grimpret,2,0.0
gabelotaud,2,200.0
BRAUX,2,2225.0
BOVIER,2,0.0
BOYARD,2,0.0
BRACCO,2,186000.0
BRACQUEMOND,2,239814.0
dogor,2,0.0
doriol,2,0.0
dossemont,2,0.0
BOURGADE,2,0.0
derrar,2,0.0
dhelias,2,15000.0
BRIDOUX,2,0.0
dumas,2,155496.0
diwuy,2,134.0
BROWN,2,0.0
BRIGAND,2,0.0
BRISSON,2,0.0
BRETON,2,2000.0
BRETTON,2,13500.0
dubay,2,512795.0
gery,2,0.0
giacomel,2,0.0
gargani,2,1176140.0
gaudy,2,0.0
gay,2,0.0
favennec,2,0.0
fegne,2,0.0
florquin,2,0.0
duvand,2,0.0
BRUNAUD-RHYN,2,0.0
BOUVIER,2,0.0
galland,2,0.0
forestier,2,0.0
fortin,2,0.0
fouassin,2,175321.0
faucillon,2,0.0
fauconnet,2,0.0
BOUTES,2,0.0
BOUTLEUX,2,1.0
BOUTON,2,0.0
BOUVET,2,0.0
BRUNDU,2,9000.0
BESCHIZZA,2,0.0
BESNIER,2,0.0
BEQ,2,0.0
BERARD,2,0.0
BENATRE,2,0.0
BENCHELLOUG,2,0.0
BENEVENTI,2,3084768.0
BERNIER,2,2000.0
BERETTONI,2,150000.0
BOISSEAU,2,0.0
BERGEROO,2,0.0
lechner,2,0.0
lefebvre,2,0.0
BERNARDINI CARRANO,2,0.0
BERNASCONI,2,0.0
lagier,2,500000.0
lahmar,2,0.0
launay,2,500.0
lauzzana,2,0.0
lavest,2,0.0
BERGANTZ,2,0.0
leriche,2,0.0
lermytte,2,1365.0
luberriaga,2,0.0
lucas,2,3039691.0
mabire,2,0.0
levesque,2,0.0
lherm,2,0.0
litaudon,2,0.0
BEDIER,2,0.0
BEGORRE,2,0.0
BEX,2,0.0
BELHADDAD,2,27326.0
BEAUNOL,2,0.0
BEAURAIN,2,0.0
BEAUVARLET,2,0.0
BELIN,2,3020800.0
BELLANGER,2,647378.0
BELLAY,2,2000.0
BEDEK,2,1200.0
BETTATI,2,55625.0
BEUCHON,2,0.0
BELAIR,2,1980.0
keloua hachi,2,195000.0
BIOULAC,2,30.0
BILDE,2,675204.0
BILLOUDET,2,0.0
BILONGO,2,0.0
BLAIMONT,2,0.0
BLANCHARD,2,0.0
BLANCHET,2,14275814.0
BLAZY,2,0.0
labrette menager,2,0.0
BLUTEAU,2,0.0
BOUCHARD,2,0.0
BOLZE,2,115200.0
BOBET,2,0.0
BOCQUET,2,200000.0
BOEUF,2,0.0
BLERIOT,2,0.0
BLIN,2,0.0
BONET,2,0.0
BONNARD LE FLOC'H,2,0.0
BLOCH,2,0.0
lacombe,2,11974.0
lafargue,2,4000.0
lafay,2,0.0
BERROUKECHE,2,0.0
BERTAIL,2,941830.0
lebreton,2,0.0
lecamp,2,209172.0
lechanteux,2,6016.0
lanzi bucero,2,0.0
largeau,2,0.0
karam,2,185000.0
BESSARD,2,0.0
BERRAI,2,0.0
BERRIOS,2,35405.0
jarycki,2,0.0
jomier,2,300.0
kaczmarek,2,0.0
homehr,2,140000.0
BIDAUD,2,0.0
BIDOT,2,0.0
BIGUINE T,2,0.0
BESSAOU,2,0.0
EUSTACHE BRINIO,2,0.0
ERRANTE,2,376115.0
ESCOJIDO,2,0.0
ESCOTS,2,0.0
ESCURE,2,0.0
ESNAULT,2,0.0
SINEAU-PATRY,2,0.0
SITOUZE,2,0.0
Eblé,2,0.0
CORNELOUP,2,279820.0
El Aaraje,2,0.0
ESTROSI-SASSONE,2,0.0
Erodi,2,3000.0
Escoulan,2,1758.0
FESNEAU,2,164750.0
FERET,2,0.0
FERET épouse EL ADNANI,2,0.0
FACQUE,2,0.0
FAIT,2,0.0
Eskenazi,2,100.0
Echaniz,2,0.0
Durquéty,2,0.0
Dussausaye,2,0.0
SOULABAILLE,2,0.0
SPAGNOU,2,0.0
Dézalos,2,0.0
ECHEVERRIA,2,0.0
Dutremble,2,0.0
Duvaudier,2,0.0
Duverger,2,0.0
SILVESTRI,2,0.0
SERVILLE,2,0.0
SHIRO ABE PEU,2,0.0
SICARD,2,6027.0
SIFFREDI,2,0.0
SEROUX,2,240000.0
SERPILLON,2,0.0
ENGRAND,2,300000.0
EPINAT,2,448400.0
ERBS,2,0.0
SIGOT-LEMOINE,2,0.0
SIMIAN,2,114000.0
FERON,2,200.0
FERRAND,2,4310.0
FAZI,2,0.0
FELD,2,0.0
FERAUD,2,0.0
FICHET,2,0.0
FIEVET,2,43866.0
FIGOUREUX,2,0.0
FILHOL,2,60.0
Etevenard,2,0.0
FROGER,2,0.0
FLORI DUTOUR,2,-15984.0
FINCK,2,0.0
FISCHER PATRIAT,2,127894.0
FITA,2,0.0
FITER,2,0.0
FIALAIRE,2,1666.0
FOUCHE,2,0.0
FLORCZAK,2,0.0
FLORENNES,2,0.0
FRIGOUT,2,0.0
Evrard,2,458.0
Evren,2,2500.0
Engrand,2,599300.0
FALLET,2,0.0
FARGETAS,2,0.0
Eychenne,2,0.0
Eymeoud,2,29000.0
FABREGOUL,2,482000.0
SERRUS,2,2180376.0
SEMACHE,2,0.0
SEGAUD LABIDI,2,0.0
SECRESTAT,2,0.0
SCHMIT,2,1646241.0
SCHMITTER,2,25149.0
SCHRECK,2,577850.0
SEGUI,2,0.0
SEIGNÉ,2,41898.0
SCUOTTO,2,0.0
SEBAIHI,2,90.0
FAUVEL,2,0.0
FAVENNEC,2,0.0
SECHET,2,0.0
Selleron,2,0.0
Seo,2,0.0
Delahaye,2,30000.0
Delannoy,2,18934.0
Delcros,2,0.0
Delesalle,2,237065.0
Defranoux,2,0.0
SURLE-GIRIEUD,2,440436.0
SUSZYLO,2,881719.0
Durox,2,0.0
SUAUD,2,0.0
Devaux,2,0.0
Saint-Pasteur,2,0.0
Saint-Pé,2,0.0
Saintoul,2,31362.0
Salami-Dadkhah,2,500.0
SUEUR,2,50000.0
Didier,2,15246.0
Disdier,2,1165732.0
Dissaux,2,100.0
SZCZUREK,2,0.0
Davi,2,160.0
Dantec,2,6964.0
Darkaoui Allaoui,2,0.0
Sido,2,4097790.0
Simian,2,0.0
De Beule,2,152640.0
Dechy,2,1160000.0
Sauvier,2,0.0
Samat,2,627840.0
Sanchez,2,0.0
Sciamanna,2,0.0
Sansu,2,0.0
Dossang,2,0.0
Septiers,2,0.0
Savelli,2,0.0
Savry,2,0.0
Schellenberger,2,30.0
Schieven,2,0.0
Sas,2,0.0
Saulignac,2,291224.0
Delage,2,40000.0
Sanguinetti,2,0.0
Dufosset,2,0.0
Dufour,2,0.0
Dugoin-Clément,2,0.0
Dugua,2,0.0
SPET,2,172006.0
SPORMEYEUR,2,0.0
STEFANINI,2,10000.0
STEPHO,2,0.0
STOECKLIN,2,0.0
Desliens,2,0.0
SOL,2,0.0
SIMION,2,0.0
SIMONIN,2,23900.0
SIMONNET,2,0.0
SIMÉON,2,0.0
SOLLOGOUB,2,49381.0
SOMEN,2,500.0
SORRE,2,0.0
SOTTIL,2,0.0
SMATI,2,9420.0
SOHLER,2,0.0
Desprez,2,156900.0
Detavernier,2,161903.0
Dostes,2,0.0
Doublet,2,0.0
Dragon,2,0.0
Donath,2,535135.0
Dosen,2,0.0
Diaz,2,0.0
Dubré-Chirat,2,0.0
EGAULT,2,0.0
Durain,2,0.0
EL HADDAD,2,0.0
EL HAFIDHI,2,0.0
EL HASSOUNI,2,0.0
Délia,2,0.0
Dumay,2,0.0
Duby-Muller,2,24906.0
Ducoin,2,0.0
Dudebout,2,0.0
Dubost,2,0.0
Dupont,2,269736.0
EIDELSTEIN,2,10100.0
Riom,2,1500.0
Riester,2,21334739.0
GEFFROY,2,0.0
GEHANT,2,104139.0
Rist,2,0.0
Rivenq,2,0.0
Rixain,2,0.0
Riffaud,2,1835544.0
GEORGET,2,0.0
FLORES,2,0.0
GENEVARD,2,0.0
GENIS,2,2922458.0
GENNARO,2,15980.0
GBIORCZYK,2,0.0
Rauch,2,239800.0
GHEZALI,2,0.0
GHOZELANE,2,0.0
Rechagneux,2,10978.0
Renaud Garabedian,2,72178400.0
Revol,2,0.0
GELY,2,0.0
Fritsch-Renard,2,0.0
Froment-Meurice,2,40000.0
GERIN,2,5000.0
GERNEZ,2,300000.0
GERNIGON,2,191500.0
GENOVESIO,2,5940.0
GALLES,2,0.0
GALLO,2,0.0
GARBUTT - HAREHOE,2,0.0
Rimbert,2,0.0
GAUDIN,2,0.0
GARRON,2,153534.0
Robinson Behre,2,0.0
Rodes,2,3200.0
GAUTRAIS,2,0.0
Reydy,2,6760.0
Rialland,2,0.0
GIOVANNANGELI,2,4400.0
GIRARD-RAFFIN,2,0.0
Rimane,2,2600.0
GAUCHER,2,0.0
GOBLET,2,134238.0
GOGUE,2,0.0
GIVERNET,2,166.0
GONZALES,2,0.0
GONZALEZ,2,0.0
GONZATO ROQUES,2,0.0
GORDAT,2,60924.0
GORIOUX,2,268722.0
GOKEL,2,0.0
Rey,2,0.0
GONIER,2,0.0
Ranc,2,0.0
Rancoule,2,0.0
Ranquet,2,0.0
Rapenne,2,0.0
Ramaye,2,0.0
Rambaud,2,0.0
ROUZIES,2,0.0
ROUGERIE,2,0.0
GOURLAN,2,0.0
GOMART,2,184000.0
Rapinel,2,0.0
GIBERTI,2,0.0
GIBOTTEAU,2,0.0
GIDOIN,2,0.0
GILLE,2,8000.0
GEROS,2,0.0
GERVAIS,2,0.0
GEST,2,0.0
GIRAUD,2,310.0
GIRAULT,2,293000.0
GREFFET,2,0.0
GILLET,2,0.0
GINESTET,2,0.0
GINESY,2,2145500.0
GIBERT,2,0.0
GLEYZE,2,0.0
GLIBERT,2,0.0
GLUCK,2,4714.0
GOBALOU ERAMBRANPOULLE,2,0.0
GREAUME,2,0.0
GREAUX,2,573800.0
GILLES,2,0.0
FRICOUT,2,471347.0
FRANCOIS-DAINVILLE,2,15871.0
RÉBÉROT,2,8000.0
SABATINI,2,0.0
SABRI,2,0.0
Ruelle,2,25357407.0
Ruffin,2,741382.0
SAINT-JULIEN,2,0.0
SALEL,2,359.0
Frioux,2,942.0
SAEIDI,2,2351948.0
SAGET,2,0.0
SAGNIEZ,2,0.0
SAID,2,0.0
SAID ANZUM,2,500.0
Fagnen,2,0.0
Falcon,2,40000.0
Farreng,2,429000.0
FROUSTEY,2,0.0
FUCHS,2,637730.0
SADOURNY GOMEZ,2,0.0
FLORES EPOUSE LE GAYIC,2,0.0
SAVATON,2,0.0
SAVIN,2,0.0
SAVOUREY,2,10026.0
FORTUNE,2,0.0
SANCHEZ,2,0.0
SALIBER,2,0.0
SALLES BARBOSA,2,0.0
Faye,2,0.0
SAURY,2,1422662.0
FRICOTEAUX,2,30.0
SANTAIS,2,0.0
SANTONI,2,1400000.0
FOUQUART,2,0.0
FOURQUET,2,0.0
SATOURI,2,13866.0
SAULNIER,2,180560.0
SAULNIER ARRIGHI,2,0.0
FRASSETTO,2,0.0
FRECHET,2,0.0
FREY,2,59292.0
SAUVADET,2,0.0
Rutkowski,2,0.0
Fouché,2,173181.0
Fournier,2,480.0
Fourreau,2,0.0
Fouré,2,240000.0
Foutry,2,0.0
Roques,2,6528052.0
Roquette,2,0.0
Robert-Dehault,2,107036.0
FURET,2,10.0
Rougier,2,0.0
Rougé,2,0.0
Roger Seppi,2,0.0
Fraise,2,0.0
Françoise,2,0.0
Frassa,2,0.0
Fremiot,2,36265.0
Rouquier dite Lorca,2,0.0
GACHON,2,0.0
Freyburger,2,0.0
Rouaux,2,0.0
Fayolle,2,316.0
Feltz,2,1500.0
Ferde,2,2766.0
Fereira,2,0.0
Favre d'Anne,2,367100.0
GAGNEUR,2,0.0
GAILLARD,2,215000.0
GALENON,2,0.0
Fuselier,2,0.0
Félix,2,85254.0
Flochon,2,0.0
Flohic,2,30.0
Flores,2,0.0
Fernandes,2,0.0
Ferreira,2,5000.0
Firmin Le Bodo,2,3571735.0
Forissier,2,563768.0
Fornies,2,0.0
Foucher-Maupetit,2,0.0
Fleuret,2,0.0
Fleuret-Pagnoux,2,0.0
GABARRON,2,5015.0
Cheval,2,0.0
Chevandier,2,0.0
Chevillard,2,92501.0
Chevreux,2,0.0
VALLAUD,2,0.0
Clavet,2,2100.0
Clergeau,2,312839.0
Cholley,2,335992.0
Choplin,2,600.0
Dauré,2,260000.0
Christine,2,2629.0
Thierry,2,0.0
Thionnet,2,214676.0
Thiébaut,2,183274.0
Ternant,2,0.0
Terrier,2,1176474.0
Testas,2,0.0
Conway-Mouret,2,0.0
Tinland,2,0.0
Tisné-Versailles,2,10000.0
Chorain,2,450000.0
VAUTRIN,2,0.0
VAYSSOUZE-FAURE,2,0.0
VEAU,2,2753106.0
VELOU,2,0.0
VENDEGOU,2,0.0
Challande Névoret,2,0.0
Chan,2,1658.0
Chaplin,2,0.0
Trouvé,2,0.0
Chrétien,2,0.0
UGO,2,1000.0
Torloting,2,1075040.0
Tournier,2,0.0
VALLI,2,7890.0
VALLOIS ROUET,2,20000.0
VALLON,2,0.0
USSEL,2,0.0
Uzenat,2,0.0
VAILLANT,2,0.0
Christophle,2,123188.0
Turquois,2,765139.0
DALIN,2,0.0
DALLIER,2,0.0
DAMOUR,2,15.0
DARDENNE,2,0.0
D'IMPERIO,2,1000.0
Tavel,2,5000.0
Taverne,2,0.0
Tavernier,2,80000.0
Teillac,2,0.0
Tomic,2,0.0
TURREL,2,0.0
TUTUGORO,2,0.0
TUYERAS,2,0.0
Tahri,2,2000.0
TROUSSELLE,2,20000.0
TUAHU,2,0.0
DARPHIN,2,0.0
DARRAS,2,8040.0
Taibi,2,0.0
Taillé Polian,2,0.0
Temel,2,0.0
Thieriot,2,3061500.0
Corzani,2,200.0
Cordier,2,50973.0
Cormand,2,0.0
Cormier-Bouligeon,2,30.0
Colin Oesterlé,2,0.0
Toussaint,2,0.0
Trebuchet,2,0.0
Cottigny,2,40000.0
Courseaux,2,0.0
Tenneroni,2,5486.0
Cuzin,2,0.0
Crnkovic,2,0.0
Cruveiller,2,0.0
D'INTORNI,2,594025.0
DA CONCEICAO CARVALHO,2,0.0
Cukierman,2,0.0
Cuny,2,0.0
Curvale,2,0.0
Cuvelier,2,0.0
Cuypers,2,0.0
Cornu,2,1500.0
CUENOT - STALDER,2,55000.0
CREFF,2,0.0
CRESSON,2,1000.0
CREUSOT,2,0.0
CRIGHTON,2,0.0
COWAN,2,0.0
COZIC,2,0.0
VIRY,2,157642.0
VITOUX,2,0.0
VERNAY,2,1323.0
CROIZIER,2,0.0
CROMBECQUE,2,0.0
CROSS,2,48299.0
VERNY,2,49020000.0
VERRIER,2,90000.0
VERSINI,2,0.0
VESSILLER,2,0.0
VIELLE,2,0.0
VIENNE,2,0.0
VIGIER,2,3000.0
VIVÈS,2,0.0
CORREIA,2,0.0
Vallverdu,2,0.0
COURBON,2,0.0
COTTEL,2,0.0
COULOMBEL,2,0.0
COULOMME,2,0.0
COSSON,2,0.0
Vermot,2,0.0
Valéro,2,0.0
Vanlerenberghe,2,43345.0
COUVREUR,2,0.0
Vauzelle,2,0.0
COULONG,2,0.0
COUPEZ,2,0.0
Carreric,2,0.0
Camus,2,40000.0
Caralp,2,0.0
CRAMOISAN,2,8000.0
CRAUSTE,2,0.0
COURTEILLE,2,0.0
COURTOIS,2,0.0
Vannson,2,0.0
Cathelain,2,155122.0
VETILLART,2,244000.0
Chabolle,2,0.0
Chabriat,2,0.0
Chabrier,2,0.0
Chabrillat,2,500.0
Chaibi,2,0.0
VANAA,2,0.0
Clouet,2,0.0
VIGNAUD,2,13854.0
Cochard,2,0.0
Coent,2,0.0
Colas,2,1000.0
Chéreau,2,0.0
VENTHOU-DUMAINE,2,0.0
VARAUT,2,142000.0
VASSET,2,84727.0
VALORGE,2,153750.0
VERMEILLET,2,0.0
VERMOREL,2,0.0
Coail,2,237047.0
VEYRIRAS,2,45000.0
VILAIN,2,0.0
VICOT,2,0.0
Carlotti,2,0.0
Cadalen,2,0.0
Calippe,2,0.0
Calueba,2,0.0
CURTAUD,2,0.0
Charret-Godard,2,0.0
Charreton,2,0.0
Cervantes,2,0.0
Charville,2,8000.0
Chapuis,2,11200.0
Caure,2,0.0
Causse,2,0.0
Castelain,2,0.0
Casterman,2,90585.0
Chenu,2,0.0
Cazabonne,2,1882244.0
Cazeneuve,2,306566.0
Centon,2,0.0
Charton,2,633680.0
TAURINYA,2,0.0
TAVEL,2,0.0
TCHOBDRENOVITCH,2,39606.0
DOVERGNE,2,0.0
Staniec-Wavrant,2,0.0
Stanislas,2,0.0
Stern,2,118137.0
Stoeckle,2,0.0
DURIMEL,2,222450.0
Tainguy,2,0.0
DUTIN,2,110203.0
TABOURET,2,0.0
TACHE DE LA PAGERIE,2,0.0
Szczepaniak,2,0.0
Szpiner,2,0.0
Stambach-Terrenoir,2,0.0
DUBESSY,2,0.0
TAISNE,2,1000.0
TAPATI,2,0.0
Sémavoine,2,0.0
DURIX,2,0.0
DILIGENT,2,0.0
DHAMY,2,173340.0
DI FILIPPO,2,0.0
DI FOLCO,2,10272.0
DI GIOVANNI,2,1000.0
DINDAR,2,54004.0
DIOUARA,2,0.0
DIRX,2,41458.0
DIXNEUF,2,400.0
TELLE,2,0.0
DUMON,2,0.0
DOUARD,2,0.0
DOUSTE,2,0.0
DOBBELS,2,0.0
DODET,2,0.0
DOMINICI,2,40897236.0
DOZANCE,2,0.0
DROINEAU,2,0.0
DROMIGNY,2,1043920.0
DORTE,2,507524.0
DULIEGE,2,198.0
Soulignac,2,0.0
Soultani-Vigneron,2,0.0
DUQUESNE,2,90000.0
DUQUESNOY,2,0.0
DURANDE,2,0.0
DURANTON,2,1343900.0
DUPLESSY,2,6331.0
Denormandie,2,1088805.0
Descoeur,2,0.0
DUFRAISSE,2,0.0
Deloge,2,0.0
Delord,2,1308.0
Delpeuch,2,9400.0
Delpeyrat-Vincent,2,0.0
Delrieux,2,0.0
Damy,2,250.0
Demazure,2,0.0
Denis,2,280000.0
Daubet,2,194100.0
Daubié,2,68600.0
Dellac,2,0.0
DUCOUT,2,1000000.0
DUCRET,2,0.0
DUFAU,2,1899.0
DU BUIT,2,3423.0
Soujol,2,0.0
Simonet,2,210000.0
Simonnet,2,0.0
Smith,2,200.0
Solans,2,0.0
Serret,2,0.0
DUNAND,2,0.0
Souyris,2,290142.0
Spahn,2,0.0
Sorre,2,500.0
Sother,2,0.0
Soto,2,0.0
Soudais,2,18000.0
Souid,2,0.0
DUPLOMB,2,0.0
DUPORGE,2,0.0
DUMONTIER,2,4.0
Souverain,2,0.0
DELAUNAY,2,0.0
DELAUTRETTE,2,72500.0
DELBAR,2,0.0
DEJOIE,2,1608600.0
DEL GENINI,2,0.0
DEDIES,2,7973.0
DEFEMME,2,0.0
TRIMAILLE,2,0.0
DELALIN,2,1084.0
DESVERONNIERES,2,62371.0
TOE,2,250000.0
TONNER,2,844.0
TONOT,2,0.0
TONUSSI,2,0.0
DESMET,2,0.0
DESMOULIN,2,0.0
TRAUTMANN,2,0.0
TORDEUX,2,30000.0
TOUCAS,2,0.0
TOUDIC,2,0.0
DELANNOY,2,0.0
Taupiac,2,41442.0
Taurisson,2,0.0
DAUCHY,2,0.0
DAUDET,2,0.0
DAUSSAN-WEIZMAN,2,2642844.0
DARNET MALAQUIN,2,0.0
DE CANSON,2,9656500.0
DE CARLI,2,0.0
DE CARVALHO,2,438353.0
DE GIRARDI,2,0.0
DECHAMPS,2,0.0
DAVIN,2,20252.0
DEMOCRITE,2,0.0
DEMOUGE,2,0.0
DEMUYNCK,2,0.0
DENDIEVEL,2,0.0
DELPUECH,2,0.0
DELPY,2,144000.0
DEGOS,2,0.0
DEBAT,2,280000.0
DEBOURG,2,4018.0
DAVIET,2,0.0
THORY,2,800.0
DESQUESNE,2,10506.0
DESBROSSE,2,0.0
DESEYNE,2,26727.0
DEPAIX,2,200.0
TEQUI,2,0.0
TERAIARUE,2,0.0
TEREMATE,2,0.0
TERIITAHI,2,60000.0
TISSOT,2,0.0
TERLIER,2,124252.0
TERRAIL NOVES,2,790663.0
TESSON,2,0.0
TETUA,2,0.0
DEVEZE,2,26154.0
DEVINAZ,2,98713.0
DEWAELE,2,0.0
DEYE,2,0.0
DESSIGNY,2,0.0
DESTRUHAUT,2,0.0
DEVAUTOUR,2,1685449.0
TRAVERT,2,0.0
TRAVERT LE ROUX,2,0.0
TRE-HARDY,2,5070.0
TREGUER,2,240000.0
TRAHAND,2,0.0
DEMBLON-POLLET,2,0.0
THIEN AH KOON,2,1901928.0
TEVAITAU ep VAIANUI,2,0.0
TEYSSEDRE,2,0.0
THEOPHILE,2,3000.0
DENOUVION,2,0.0
DICK,2,0.0
DIDRY,2,0.0
TIATOA,2,0.0
THILLAYE,2,269202.0
THOMIN,2,0.0
THOMINES,2,0.0
THOMINET,2,0.0
THEVENOT,2,0.0
THIEBAULT,2,2.0
DENIEUL,2,25384.0
DI MARTINO,2,0.0
ABBAS,1,4848.0
ACCARY,1,34264.0
ACHARD,1,0.0
ACKER,1,0.0
AHRES,1,0.0
AIT,1,0.0
AKBARALY,1,0.0
ALBUFFY,1,0.0
ALCIN,1,0.0
ALCOVER,1,0.0
ALEDO,1,33027.0
ALEMANI,1,0.0
ALLEMAND,1,0.0
valantin,1,0.0
verola,1,0.0
vincent,1,0.0
viossat,1,0.0
voralek,1,0.0
vuillemin,1,10000.0
walker,1,0.0
waneux,1,0.0
washetine,1,0.0
Maillou,1,0.0
Mainguet Grall,1,0.0
Majdouline,1,0.0
Malherbe,1,0.0
Malleville,1,0.0
Malosse,1,0.0
ARNOLD,1,0.0
ARSAC,1,0.0
ASCONE,1,0.0
ASLANIAN,1,5000.0
ASTIER,1,0.0
ASTORG,1,0.0
ATEO ép CROLAS,1,0.0
ATTIA,1,0.0
sarselli,1,0.0
saurat,1,0.0
sausset,1,0.0
scaillierez,1,0.0
sigismeau,1,0.0
ANSART,1,0.0
ANSELME,1,0.0
ARMAND,1,65268.0
sahindal deniz,1,0.0
saho-nuzzo,1,0.0
sainte-rose fanchine,1,0.0
salami- Dadkah,1,0.0
salaun kerhornou,1,0.0
saliga,1,0.0
santosuosso,1,0.0
sarda,1,17700.0
AYCARD,1,0.0
Abaux,1,0.0
Aebischer,1,0.0
Aguin,1,4644.0
Agullana,1,0.0
Ait Chikhebbih,1,0.0
ryckelynck,1,0.0
saadi,1,0.0
MONPAYS,1,0.0
MONTAGNIER,1,0.0
MOPIN,1,0.0
MENISSEZ,1,167.0
MERINE,1,26354.0
MESADIEU,1,0.0
MESSAGER,1,241467.0
METAIRIE,1,0.0
MIZZON,1,0.0
MOGLIA,1,0.0
MOINET,1,0.0
MOISY,1,0.0
MOLINOZ,1,17381.0
MONERVILLE,1,0.0
MONIE,1,0.0
MONNET,1,72800.0
Melzassard,1,0.0
Mentré,1,0.0
Meslay,1,0.0
Mettey,1,0.0
Metzdorf,1,2700.0
Mey,1,0.0
MION,1,0.0
MISSLER,1,0.0
MOROGE,1,0.0
MORTREAU,1,0.0
MOSNIER,1,0.0
MOTEL,1,0.0
MOTHRON,1,0.0
MOUFFLET,1,0.0
MOUNIAMA-CUVELIER,1,0.0
Mayeur,1,0.0
MAURICE,1,394.0
MAURY,1,0.0
MAZARS,1,88770.0
MEDINA,1,0.0
MEHLEN,1,0.0
MEHUKAJ,1,0.0
MELE,1,0.0
MELIN,1,0.0
Moeneclaey,1,0.0
Moiroud,1,0.0
Mokrane,1,0.0
Mondino,1,0.0
Monetti,1,0.0
MAU,1,0.0
MAURER,1,900.0
MAUREY,1,0.0
Mezrar,1,724.0
Mignot,1,0.0
Miguel,1,0.0
Milleville,1,0.0
Milliez,1,0.0
Milward,1,0.0
Minarro Baudouin,1,108218.0
Mitonneau,1,3000.0
METANIRE,1,0.0
METOIS,1,0.0
MEUNIER,1,0.0
MEYER,1,194000.0
MEYZENC,1,0.0
MICHAUT,1,0.0
MICHON,1,0.0
MIDALI,1,0.0
Mulyk,1,50.0
MANUOHALALO,1,0.0
MANZARI,1,5500.0
MAQUET,1,0.0
MAQUOI,1,0.0
MARAIS,1,0.0
MARATCHIA,1,0.0
MARCE,1,0.0
Mora,1,0.0
Morat,1,0.0
Moreau,1,0.0
Morelle,1,0.0
Moulay,1,0.0
Moureau,1,0.0
Mouton,1,0.0
Mulot,1,1030000.0
MASCARELLI,1,0.0
MASSART,1,900.0
MASSELUS,1,0.0
MASSI,1,0.0
MATHERON,1,0.0
MATHEVET,1,0.0
Monot,1,0.0
Monseigne,1,0.0
MENASSI,1,0.0
MENAULT,1,0.0
MENHOUDJ,1,0.0
MARIETTE,1,0.0
MARLAS,1,0.0
MARTEGOUTTE,1,1888.0
MARTHEY,1,0.0
MASCARAQUE,1,0.0
MALEN,1,0.0
MANDELLI,1,0.0
MANENT,1,0.0
MANGUE,1,0.0
MANSOURI,1,0.0
Lopez,1,853.0
Lorentz,1,500.0
Loughraieb,1,0.0
MAGNIN-FEYSOT,1,0.0
MAGRAS,1,0.0
MAGRO,1,0.0
MAHET,1,384741.0
MAHIER,1,0.0
MAIGNAN,1,0.0
MAINSANT,1,0.0
MAISONNAT,1,841.0
NAVROT,1,0.0
NEAOUTYINE,1,0.0
NEBOR,1,0.0
NEUMANN,1,0.0
NIANG-FOUQUET,1,0.0
MADINIER,1,0.0
MAES,1,0.0
MAGLOIRE,1,800.0
MARIA,1,0.0
MARIE-LOUISE,1,149000.0
MARIE-LUCE,1,0.0
Musso,1,0.0
Médina,1,0.0
Mériot,1,0.0
NARDOU,1,0.0
NAUDAN,1,1000.0
Letouzé,1,0.0
Leveillé,1,0.0
Lime,1,0.0
Linares,1,0.0
Loire,1,500.0
Loizon,1,0.0
Lecoultre,1,0.0
Ledee,1,23897.0
NOUGEIN,1,5379076.0
NOURRY,1,0.0
NOUVELOT,1,4953965.0
NOWAK,1,0.0
Nadesan,1,7424.0
Lesne,1,0.0
Letchimy,1,529000.0
Letissier,1,0.0
NICOLAZO,1,0.0
NICOLE WILLIAMS,1,0.0
NICOLIER,1,0.0
NICOLLET,1,4617.0
NICQ-CROIZAT,1,0.0
NIEPCERON,1,0.0
NINOT,1,0.0
NORMAND,1,17568.0
Lovichi,1,0.0
Lucaud,1,0.0
Lucchesi,1,0.0
Lungart,1,5000.0
LÃ©cuyer,1,0.0
Létoquart,1,3000.0
MABIRE,1,0.0
MACHICHI PROST,1,0.0
Laëtitia,1,106359.0
Le Bechec,1,40000.0
Le Bourgeois,1,162112.0
Le Clercq,1,0.0
Le Frène,1,0.0
Le Fur,1,0.0
Le Guennec,1,0.0
Le Liboux,1,93599.0
Ngo kaldjop,1,0.0
Niasme,1,0.0
Niel,1,0.0
Nowak,1,0.0
Négret,1,4682.0
OCCELLI,1,0.0
OLIVARES,1,0.0
Lavalette,1,0.0
Namur,1,0.0
Nasrou,1,0.0
Naturel,1,0.0
Naulin,1,0.0
Nembrini,1,0.0
Neugnot,1,0.0
Neveu,1,0.0
Ngo Kaldjop,1,0.0
Ledeux,1,60550.0
Lefort,1,26378.0
Legagneur,1,0.0
Leghmizi,1,0.0
Legrain,1,0.0
Lemaire,1,0.0
Lemanceau,1,0.0
Leprettre,1,0.0
Laloy,1,10500.0
Lamarche,1,0.0
Lamenie,1,0.0
Lamonerie,1,0.0
Lamour,1,0.0
Lapeyre,1,0.0
Laporterie,1,0.0
Lapouille-Flajolet,1,0.0
Ouizille,1,18833.0
Lacroix,1,0.0
Laffont,1,0.0
Laflaquiere,1,0.0
Lagorce,1,0.0
Lahais,1,0.0
Lahalle,1,400.0
Lalanne,1,0.0
ORPHE,1,0.0
OUAKNINE,1,0.0
OUSSENI,1,15000.0
Odon,1,0.0
Ogor,1,0.0
Olçomendy,1,0.0
Orgelet,1,120.0
Oudin,1,0.0
Le Lorch,1,0.0
Le Meur,1,0.0
Le Moal,1,0.0
Le Roux,1,0.0
Le Teuff,1,0.0
Leballeur,1,0.0
Lebeaupin,1,0.0
ORAIN GROVALET,1,300.0
Laborde,1,0.0
Lacaze,1,0.0
Lacoste,1,0.0
Lacouture,1,0.0
LITZELLMANN,1,0.0
LIZOLA,1,0.0
LIZUREY,1,0.0
LLORET,1,0.0
LUBET,1,0.0
LUCA,1,0.0
LUCAZEAU,1,0.0
LUPO,1,0.0
LUTOVIKA,1,0.0
LYONNAZ,1,0.0
Labar,1,0.0
Labaronne,1,600000.0
PAOLINI,1,0.0
PAPY,1,0.0
PARA,1,17989898.0
PARAYRE,1,0.0
PARIS,1,0.0
PARISOT,1,22560.0
PARRA,1,0.0
LOUIS-CARABIN,1,0.0
Larue,1,0.0
Lascaux,1,0.0
Laval,1,250.0
Oziol,1,0.0
PACQUIT,1,0.0
PAILLARD,1,0.0
PAILLARES,1,0.0
PANNIER,1,0.0
LESCURE,1,0.0
LESPADE,1,0.0
LESTAS,1,0.0
LETHUILLIER,1,0.0
LEVENEUR,1,0.0
LHEUREUX,1,440706.0
LIDAR,1,0.0
LIGONNIERE,1,0.0
PASSEBOSC,1,0.0
PASSIEUX,1,0.0
PAULIC,1,0.0
PAYET,1,0.0
PAZ,1,0.0
PEDEBOY,1,0.0
PEDUZZI,1,3611481.0
PEES,1,51037.0
LONG HIM NAM,1,0.0
LONGUEVAL,1,0.0
LORGEOUX,1,0.0
LORIMIER,1,0.0
LORIN,1,0.0
PARVEDY,1,0.0
PASCO,1,0.0
PASCOUAU,1,0.0
LOCQUET,1,96700.0
LODA,1,0.0
LOGEL,1,0.0
LOGIN,1,0.0
LOGNON,1,0.0
LOISEAU,1,0.0
LOMBARD,1,0.0
LOMBARDO,1,0.0
LEPVRAUD,1,0.0
LERMAN,1,90000.0
LE STRADIC,1,0.0
LEBIGRE,1,1200000.0
LECHATREUX,1,0.0
LECLERE,1,0.0
LECOINTE,1,6800.0
LECOLE,1,0.0
LELONG,1,0.0
LEMAITRE,1,1.0
LEMOIGNE,1,0.0
LEMONNE,1,0.0
LEON,1,0.0
LEPORTIER,1,2115.0
LEPRINCE,1,0.0
LEPROUST,1,0.0
PERIN,1,0.0
PERISSOL,1,0.0
PERLET LEONCE,1,0.0
PERMACAONDIN,1,0.0
PERONNET,1,0.0
PERRON,1,0.0
LEGROIS,1,0.0
LEHENOFF,1,0.0
PELLET,1,0.0
PEMBA-MARINE,1,0.0
PENAUD,1,0.0
PENIGUEL,1,0.0
PENSALFINI,1,0.0
PERAL,1,0.0
PERES,1,0.0
PERICAT,1,0.0
LE MOULLEC,1,135000.0
LE NOUVEL,1,0.0
LE PENHUIZIC,1,0.0
LE QUER,1,0.0
LE RAY,1,0.0
LE SCORNET,1,4500.0
LE SOLLEUZ,1,0.0
LATIL,1,0.0
PIAZZA,1,0.0
PICHON,1,0.0
LE DIGABEL,1,0.0
LE DOARE,1,43801.0
LE FUR,1,0.0
LE GALL,1,0.0
LE LUHERNE,1,4350.0
LE MEAUX,1,0.0
PERSÉE,1,0.0
PETRONIO,1,52931.0
PEYRAUD,1,0.0
PEYRET,1,0.0
PEYTHIEU,1,0.0
PEZZALI,1,0.0
PFRIMMER,1,0.0
PHILIBERT,1,0.0
LECONTE,1,0.0
LECOQ,1,0.0
LEDIEU,1,0.0
LEDUC,1,120000.0
LEFAIT,1,0.0
LEGGERI,1,0.0
LEGRAND,1,0.0
PERSAIS,1,0.0
LAMOTH,1,0.0
LAMQUET,1,127500.0
LAMY,1,80004.0
LANGLOIS,1,0.0
LANNE,1,0.0
LAOUKIRI,1,0.0
LAPACHERIE,1,0.0
LAPALU,1,0.0
PLANCHENAULT,1,0.0
PLANTE,1,508421.0
PLASSARD,1,0.0
PLOTEAU,1,37950.0
LAMBERT,1,0.0
LAMIRAY,1,0.0
LAMORLETTE,1,0.0
LAMORT,1,0.0
LE CAM,1,0.0
PIERRUGUES,1,0.0
PIETTE,1,0.0
PIGOT,1,0.0
PINOTEAU,1,0.0
PIRIOU,1,0.0
PIRMAN,1,0.0
PITROU-DOLBEAU,1,0.0
LATOUCHE,1,0.0
LAUGA,1,0.0
LAUGARO,1,0.0
LAUREY,1,762.0
LAVALLARD,1,9500.0
LE BOULANGER,1,0.0
LE BOUTER,1,0.0
LE BRAS,1,0.0
Khac,1,420.0
Khouiel,1,6750.0
Koeberlé,1,0.0
Komokoli Nakoafio,1,0.0
Konopnicki,1,0.0
Krüger,1,0.0
LABAILS,1,0.0
LABESSE,1,0.0
POIROUT,1,0.0
POISSANT,1,0.0
POMA,1,0.0
PONCET,1,84118.0
PONCET MONGE,1,0.0
PONY,1,0.0
PORRETTA,1,0.0
POTIN,1,0.0
LAFONT,1,2500.0
LAFRIQUE,1,0.0
LAGES,1,0.0
LAGET,1,0.0
LAISNEY,1,0.0
LAJUGIE,1,2000.0
LALANE,1,0.0
POININ-COULIN,1,0.0
LARDEUX-COIFFARD,1,0.0
LARDON,1,0.0
LAROPPE,1,0.0
LARRAT,1,0.0
LARUE,1,0.0
LACOUR,1,0.0
LAFAY,1,0.0
LAFON GAUTHIER,1,44853.0
KIRSCHNER,1,0.0
KISS,1,0.0
KLING,1,0.0
KOENDERS,1,0.0
KOHLHAAS,1,0.0
KRABAL,1,0.0
KRUSZKA,1,0.0
KULIMOETOKE,1,0.0
PRIOU,1,0.0
PRIOUX,1,208045.0
PROFFIT BRULFERT,1,0.0
PRONO,1,0.0
PRONONCE,1,0.0
PROTANO,1,0.0
PRUD'HOMM,1,0.0
KHELIFI,1,0.0
POYET,1,2260.0
PRADELLE,1,0.0
PRAS,1,0.0
PRAT,1,0.0
PRAUD,1,0.0
PRESNE,1,0.0
PRIBETICH,1,0.0
PRINCE,1,0.0
LABORDERIE,1,0.0
LABOSSE,1,0.0
LABROUSSE,1,0.0
LACARRERE,1,10.0
LACASCADE,1,0.0
LACHAIZE,1,0.0
POUPET,1,0.0
POUSSIER,1,70000.0
Paul-Loubière,1,0.0
JULLIEN,1,0.0
JUNES,1,0.0
Jabot,1,0.0
Jacky,1,762.0
Jacobelli,1,19881.0
Jacotot,1,2000.0
Jacq,1,1.0
Pacaud,1,0.0
Pacoret,1,0.0
Papy,1,0.0
Paquet,1,0.0
Paris,1,0.0
Paris Grosset,1,0.0
Parra,1,0.0
Passerieux,1,0.0
Juliard-Gendarme,1,0.0
KARULAK,1,0.0
KEFI-JEROME,1,0.0
KELYOR,1,0.0
KERGOAT,1,0.0
PUGEAT,1,0.0
PUIL,1,0.0
PUJOL,1,0.0
Kaziewicz,1,0.0
Keignaert,1,0.0
Kemel,1,0.0
Kermorvant,1,0.0
Kerrouche,1,15000.0
Jouault,1,0.0
Jouneaux-Pedrono,1,0.0
Jules,1,0.0
JOURDA,1,0.0
JOUYE DE GRANDMAISON,1,0.0
JOYAU,1,0.0
JOYEUX,1,0.0
JUBAN,1,0.0
JUDALET,1,0.0
JUILIEN PEUVION,1,0.0
Irigoyen,1,8350.0
Pennelle,1,0.0
Penso,1,0.0
Pestre,1,150000.0
Petitta,1,0.0
Peyron,1,0.0
JEFFROY,1,0.0
JENN,1,0.0
JOULIÉ,1,4500.0
Pavillon,1,0.0
Pedowski,1,0.0
Peducasse,1,0.0
Peiro,1,0.0
Pelletier-le barbier,1,0.0
Pelloquet,1,0.0
Pelé,1,0.0
Pemezec,1,0.0
Jacquet,1,0.0
Jalabert,1,0.0
Jalby,1,0.0
Jampoc Bertrand,1,0.0
Janicot,1,0.0
Jean-Michel,1,0.0
Jerome,1,0.0
Jlalji,1,0.0
IMPERIALE,1,0.0
INDERBITZIN,1,0.0
IRITI,1,0.0
ISEPPI,1,278500.0
ISMAIN,1,0.0
Idziak,1,0.0
Iordanoff,1,0.0
Heliot Couronne,1,0.0
Point,1,0.0
Poirier,1,0.0
Polski,1,10.0
Hus,1,0.0
Husson,1,0.0
Hénaff,1,769140.0
IBRAHIMA,1,0.0
IMBAULT,1,0.0
JEAN-JACQUES,1,0.0
Pfister,1,0.0
Pichot,1,0.0
Pierre-yves,1,0.0
Pilch,1,0.0
Pineau,1,500.0
Piolle,1,49434.0
Plazanet,1,0.0
JABES,1,0.0
JAMET,1,0.0
JAMMES,1,47.0
JANKOWSKI,1,0.0
JAOUEN,1,0.0
JAUBERT,1,0.0
JAUNET,1,20935.0
JEAN-BAPTISTE,1,0.0
Hamdane,1,0.0
Hamon,1,0.0
Hamonou-Boiroux,1,0.0
Hamy,1,0.0
Haran,1,0.0
Hartz,1,0.0
Hassan,1,0.0
Hasser,1,0.0
Puyobrau,1,0.0
Py,1,0.0
Péron,1,0.0
QAEZE,1,670.0
HURLUS,1,0.0
Haesebroeck,1,0.0
Hagenbach,1,64579.0
Hajjari,1,0.0
Pradié,1,250000.0
Pragout,1,0.0
Prieur,1,10140.0
Prigent,1,0.0
Prochasson,1,0.0
Pronchéry,1,0.0
Puchois,1,0.0
Pueyo,1,0.0
Henrion,1,150000.0
Hoarau,1,0.0
Hocq,1,0.0
Home,1,0.0
Hue,1,0.0
Pontone,1,0.0
Poujet,1,0.0
Pradayrol,1,1000.0
RAGOT,1,0.0
HENAULT,1,0.0
HENNEBERT,1,0.0
HERENGER,1,0.0
HERIN,1,0.0
HERR,1,0.0
HERTAULT,1,0.0
HERTELOUP,1,0.0
QUIN,1,0.0
Quilan,1,0.0
Quiniou,1,0.0
RABHI,1,0.0
RABOT,1,0.0
RADAKICHENIN,1,0.0
RADOU,1,0.0
RAFAITIN-MARIN,1,10663.0
HUMETZ,1,0.0
QUENEA,1,0.0
QUENTIN,1,0.0
QUERO,1,242250.0
QUERO-RUEN,1,0.0
QUEROUE-MARY,1,0.0
QUIGUER,1,0.0
QUILLET,1,766085.0
HODY,1,0.0
HOIORE,1,0.0
HOMMEL,1,5970.0
HOUBRON,1,0.0
HOUILLON,1,0.0
HOZMAN,1,0.0
HUAUME,1,0.0
HUG,1,0.0
HANOH,1,1998.0
HAREUX,1,110000.0
HART,1,1103531.0
HATZIG,1,0.0
HAUATA épse AH-MIN,1,0.0
HAURET,1,0.0
HAVET,1,0.0
HAXAIRE,1,0.0
Géraudie,1,0.0
Géry,1,48.0
HABIG,1,0.0
HABLOT,1,0.0
HADJ MIMOUNE,1,0.0
HALGAND,1,0.0
HAMAYON,1,0.0
HAMONIC,1,0.0
RALLO,1,1000.0
RAMBAUD,1,0.0
RAMPHORT,1,0.0
RATSIMBA,1,0.0
RATTIER,1,0.0
RAY,1,44054.0
RAYEUR-KLEIN,1,0.0
REBERT,1,0.0
HERVY,1,0.0
HETZEL,1,28771.0
HILT,1,0.0
HIPPOLYTE,1,0.0
HIRIGOYEN,1,0.0
HIVER,1,2000.0
RAGUIN,1,0.0
RAJA,1,0.0
Guillaume,1,0.0
Guin,1,0.0
Guinaudie,1,0.0
Guinebert,1,0.0
Guissé,1,0.0
Guiteau,1,0.0
Gonthier,1,0.0
Gonzales,1,0.0
Groult,1,0.0
Guerard,1,0.0
Guerry-Gazeau,1,0.0
Guetta,1,0.0
Gueu Viguier,1,0.0
Guichet,1,0.0
Guichou,1,0.0
Guiffard,1,0.0
RENOU,1,0.0
REQUENNA,1,0.0
RETY,1,0.0
REVEAU,1,0.0
REVEREAULT,1,0.0
REYNAUD,1,645.0
RIBOT,1,0.0
RIBOUT,1,712500.0
HAZARD,1,0.0
HEDDEBAUX,1,0.0
REDLER,1,20000.0
REDO,1,0.0
REGEARD,1,0.0
RENAUX,1,0.0
RENE-CORAIL,1,0.0
RENGOT,1,0.0
Gharet,1,0.0
Gigan,1,0.0
Gimenez,1,0.0
Girardin,1,0.0
Girardot,1,0.0
Gisselbrecht,1,100000.0
Glucksmann,1,0.0
Gaquere,1,0.0
RIOJA,1,0.0
RIOU-BOURDON,1,4100.0
RITOURET,1,400000.0
RITZ,1,0.0
RIVEL,1,0.0
RIVET,1,0.0
RIVETA,1,0.0
Gesell,1,0.0
Grau,1,0.0
Grelaud,1,0.0
Grignola-Bernard,1,0.0
Griseti,1,200.0
RICHE,1,0.0
RICOUX,1,0.0
RIEDINGER,1,0.0
RIEU - FROMENTIN,1,0.0
Gorriquer,1,0.0
Gouez,1,0.0
Gouhoury,1,0.0
Gourdon,1,0.0
Gouyette,1,50.0
Graef-Eckert,1,0.0
Graillon,1,0.0
Grasset,1,62500.0
GUYOD,1,0.0
Gaget,1,0.0
Galey,1,0.0
Galzy,1,0.0
Gandolfi,1,0.0
GRIFFOND,1,0.0
GRIMBER,1,0.0
GRISET,1,0.0
ROLLAND,1,0.0
ROLLIN,1,0.0
ROMESTAING,1,0.0
RONDONI,1,0.0
RONGIER,1,0.0
ROSSETTI,1,350494.0
GUILLO,1,200.0
GUITTON,1,21049.0
Gely,1,0.0
Geniès,1,0.0
Gente,1,0.0
ROCHAUD,1,1120.0
ROCHE,1,0.0
RODRIGUEZ,1,0.0
ROGER,1,0.0
ROJOUAN,1,0.0
Garabedian,1,0.0
Garbarsky Yardeni,1,0.0
Garestier,1,0.0
Garin,1,3000.0
Garreau,1,0.0
Gattefin,1,0.0
Gaude,1,0.0
Gauquelin,1,0.0
GOURTAY,1,0.0
GOURVIL,1,0.0
GOUTTE,1,0.0
GRANCHER,1,0.0
GRANDAME,1,0.0
GRANJON,1,0.0
GRAVELET,1,0.0
GRAVELLE,1,2750.0
ROUTHIER,1,0.0
ROUYER,1,0.0
RUAS,1,12905030.0
RUBIN,1,0.0
RUET,1,0.0
GOUEROU,1,2198.0
GOUPIL,1,0.0
GOURIER,1,50.0
GUEZELLO,1,0.0
GUIDEZ,1,0.0
GUIDICELLI,1,0.0
ROTKOPF,1,0.0
ROUANET,1,0.0
ROULAND,1,0.0
ROULLAUD,1,0.0
ROUSTAN,1,0.0
GRUNEWALD,1,0.0
GRUVEL,1,0.0
GUEANT,1,0.0
GUEDJ,1,153502.0
GUEGUENIAT,1,0.0
GUELON,1,0.0
GUERRERO,1,0.0
GUETTÉ,1,0.0
GIACOMAZZI,1,0.0
GIANNACCINI,1,0.0
GIAUME,1,0.0
GILLOOTS,1,0.0
GINER,1,415829.0
GINGAST,1,0.0
GINGREAU,1,0.0
GIRAUDEAU,1,0.0
Ramdani,1,0.0
Raponi,1,0.0
Raymondaud,1,0.0
Renard,1,500.0
Renault,1,0.0
Reverchon-Billot,1,0.0
Rey-Deschamps,1,0.0
GHEERBRANT,1,1.0
GONSSE,1,0.0
GOPAL,1,0.0
GORGES,1,6000.0
GOROMIDO,1,0.0
RYS,1,0.0
Rabou,1,0.0
Radreau,1,0.0
Rafowicz-Piaskowski,1,0.0
GRENOT,1,46900.0
GLACET,1,3875.0
GLESER,1,0.0
GODARD,1,0.0
GOEPFERT,1,0.0
GOIN-DEMAY,1,0.0
GOMES,1,0.0
GOMIS,1,0.0
GERAUD,1,0.0
GERES,1,0.0
GERMANEAU,1,0.0
GALLAIS,1,0.0
GALZIN-THEAU,1,0.0
GARDEUR-BANCEL,1,0.0
GARNERIN,1,0.0
GARREAU,1,0.0
GEIGER,1,0.0
GELLY,1,0.0
GENDROT,1,170020.0
GENELLE,1,0.0
GENETET,1,5000.0
GEOFFROY,1,0.0
GEORGIADES,1,0.0
GEORGIN,1,0.0
Riffé,1,0.0
Rigaud,1,0.0
Rimbeau,1,0.0
Rivaud,1,0.0
Rivery,1,613000.0
Robelet,1,0.0
GAYSSOT,1,652936.0
GEENENS,1,0.0
GIRODET,1,0.0
Rezeg,1,0.0
Ribes,1,0.0
Ricart,1,0.0
Richard,1,0.0
Richard-Trinquier,1,0.0
Ridel,1,0.0
Riehl,1,0.0
GADENNE,1,8717.0
GAGNAIRE,1,0.0
GAITET,1,0.0
GALAND,1,885000.0
Fernandez,1,0.0
Ferrand,1,210844.0
Ferré,1,93515.0
Filoche,1,0.0
Rouède,1,0.0
Fraipont,1,0.0
Franclet,1,0.0
Frebault,1,855.0
Fremy,1,0.0
Frisque,1,0.0
Frêche,1,0.0
Féron,1,0.0
Rodriguez,1,0.0
Rodwell,1,0.0
Roudaut,1,0.0
Rougheol,1,11800.0
Rouillon,1,0.0
Rousselet,1,0.0
Rousselot,1,619046.0
Roux,1,0.0
GARRIGUES,1,0.0
GARY,1,0.0
GASTRIN,1,0.0
GATARD,1,0.0
GATECEL,1,0.0
GAURAT,1,10000.0
GAUZE,1,0.0
Robic,1,350.0
Falconnet,1,0.0
Falorni,1,0.0
Farcy,1,0.0
Fardoux-Jouve,1,0.0
Faucon Mejean,1,0.0
Fauconnier,1,6700.0
Fauvet,1,0.0
Faverjon,1,0.0
SAKILIA,1,0.0
SALAK,1,0.0
SALAUN,1,6000.0
SALECROIX,1,0.0
FROUEL,1,0.0
FUGIT,1,9253.0
FUHRMANN,1,0.0
FUMERY,1,29200.0
Ruffenach,1,0.0
Ruga,1,0.0
SABATIER,1,0.0
SABATOU,1,19200.0
SAINT MARTIN,1,5900.0
SAINT-ARROMAN,1,0.0
SAINT-LAURENT,1,0.0
SAINT-PE,1,801.0
Fischer,1,0.0
Forchez,1,0.0
Fostier,1,111600.0
Fouchet,1,0.0
Fountaine,1,35000000.0
Roué,1,0.0
Rozette,1,0.0
Rubirola,1,0.0
FRANCOIS-GOGUILLON,1,0.0
FRANÇOIS,1,65443.0
FRAPPE,1,98044.0
FRIEZ,1,0.0
FROGIER,1,600820.0
FROMET,1,0.0
FROMONT,1,20000.0
FROT,1,0.0
FOURCADE,1,0.0
FOURCROY,1,0.0
FOURNADET,1,0.0
FOURRE,1,0.0
FOURRIER,1,0.0
FOXONET,1,0.0
FRANCHI,1,0.0
FRANCIS,1,0.0
SAMBENOUN,1,0.0
SAMOT,1,0.0
SAN GEROTEO,1,0.0
SANDEVOIR,1,53928.0
SANTIN,1,0.0
SARRABEYROUSE,1,0.0
SARTIRANO,1,0.0
SAURAT,1,0.0
Fenzar,1,0.0
Ferec,1,0.0
Ferey,1,0.0
SALIGOT,1,0.0
SALIOU,1,0.0
SALLES,1,0.0
SALVETTI,1,0.0
SAMALENS,1,0.0
FERNIQUE,1,0.0
FERRATO,1,0.0
FERREIRA DE SOUSA,1,0.0
FERRI,1,0.0
FERRIER,1,0.0
FEUVRIER,1,0.0
FEVRE,1,0.0
Emon,1,0.0
SEGAUD,1,90624.0
SEJEAU,1,96000.0
FAVE,1,0.0
FAYSSAT,1,7762994.0
FEDIEU,1,0.0
FEL,1,0.0
FENAIN,1,0.0
FERNANDEZ,1,0.0
FOUCAULT,1,0.0
SAYOUS,1,2236.0
SCHAETZEL,1,0.0
SCHILDKNECHT,1,0.0
SCHLUSSEL,1,0.0
SCHNEIDER,1,0.0
SEASSAU,1,0.0
SEELS,1,5100.0
FEVRIER,1,0.0
FIGUET,1,0.0
FIORENTINO,1,0.0
FLECHET,1,0.0
FLEURET,1,0.0
FLOHR,1,0.0
FLOQUET,1,0.0
FLORIANT,1,0.0
SIMEON,1,0.0
EMAD BOUASBA,1,0.0
EMIN,1,0.0
END,1,0.0
ERNEST,1,0.0
ESCHLIMANN,1,0.0
ESCUDIER,1,0.0
ETIENNE,1,0.0
SERVA,1,368164.0
SERVAT,1,0.0
SERVIERES,1,0.0
SICARD-DESNUELLE,1,0.0
SIF,1,0.0
SIHOU,1,0.0
SIMBAYE,1,0.0
SIMELIERE,1,0.0
FAITHFUL,1,0.0
FALCO,1,0.0
FALIERES,1,0.0
FARA,1,1229.0
SELLIER,1,1121650.0
SENECHAL,1,0.0
SENSOU,1,0.0
SERRATE,1,0.0
Eon,1,0.0
Erremundeguy,1,10222.0
Escach,1,0.0
Esplugas-Labatut,1,20554.0
Etcheçaharreta,1,1164.0
Eurisouke,1,0.0
FADHLA,1,0.0
FAGAUT,1,0.0
D’Alguerre,1,370000.0
EAP,1,166773.0
ECENARRO,1,0.0
EL KHILI,1,0.0
ELEXHAUSER,1,3437.0
Drapeau,1,0.0
Driol,1,0.0
Dubois,1,58397.0
Durruty,1,611880.0
Dussaubat,1,940000.0
Duteil,1,0.0
Dutoya,1,0.0
Dyen,1,0.0
Dècle,1,0.0
Dénès,1,15.0
Dézempte,1,0.0
SOHIER,1,0.0
SOIGNEUX,1,0.0
SOIRAT,1,0.0
SOREL,1,11782.0
SOUFIR,1,0.0
SOUMAILA,1,5000.0
SOW,1,25500.0
Duranton,1,0.0
EVENE-MATEO,1,0.0
EVENO,1,0.0
Edern,1,0.0
El Abidi,1,0.0
Elazouzi,1,250.0
Elegeest,1,0.0
SIX,1,6995.0
SKYRONKA,1,0.0
Di Gallo,1,0.0
Diers,1,760.0
Dieusaert,1,0.0
Doineau,1,0.0
Dolgopyatoff Burlet,1,5400.0
Donnay,1,0.0
Doridam,1,0.0
Dossus,1,0.0
SUVE,1,0.0
Sadoul,1,0.0
Saint-Esteven,1,0.0
Saint-Orice,1,699.0
Salami,1,0.0
Descombes,1,5000.0
Desfachelle,1,0.0
Desforges,1,67581.0
Duperthuy,1,5000.0
Dupeyrou,1,0.0
Dupin,1,0.0
Dupuis,1,0.0
STEIN,1,0.0
STOFFEL,1,0.0
STOLL,1,0.0
STORET,1,0.0
Dubouchet Revol,1,0.0
Dubreuil,1,0.0
Ducamin,1,0.0
Duchêne,1,0.0
Duda,1,0.0
Dufetel,1,0.0
Dujarrier,1,0.0
Dumoulin,1,0.0
Demore,1,0.0
Denéchaud,1,0.0
Da Cunha,1,0.0
Dalmasso,1,0.0
Damade,1,0.0
Danillon,1,0.0
Darcos,1,0.0
Darteyre,1,0.0
Dehaese,1,0.0
Delacour,1,0.0
Delaitre,1,582.0
Delavoie,1,0.0
Delsol,1,0.0
Demanse,1,0.0
Demester,1,0.0
Demoncheaux,1,0.0
Saudemont,1,0.0
Savariego,1,0.0
Savreux,1,11164.0
Sawa,1,0.0
Schaller,1,0.0
Schlosser,1,0.0
Definel,1,0.0
Degraix,1,0.0
Dougé,1,0.0
Douvry,1,0.0
Drain,1,0.0
Salaün,1,0.0
Salitot,1,0.0
Santo,1,0.0
Sartori,1,0.0
Sattonnet,1,2000.0
DUPIRE,1,2500000.0
DUPOUEY,1,0.0
DUPOUY,1,0.0
DUPUY,1,0.0
DURAND-COUTELLE,1,0.0
DUTARTE,1,0.0
DUTERTRE,1,234150.0
DUVERNOIS,1,0.0
Spillebout,1,3542.0
DUMOULIN,1,0.0
DUNOD,1,70092.0
DUNOYER,1,0.0
DUNTZE,1,0.0
DUPERAT,1,0.0
DUPESSEY,1,0.0
DUPEYRAT,1,0.0
Sergi,1,0.0
Serp,1,3183.0
Seureau,1,0.0
Simondon,1,0.0
Sitzenstuhl,1,0.0
Sore,1,0.0
Sosinski,1,0.0
Spicher,1,0.0
Daste,1,0.0
David-Brochen,1,0.0
Davoust,1,0.0
De Almeida Chaves,1,0.0
De Marco -Truel,1,0.0
Debil,1,570421.0
Decoster,1,450.0
Decourchelle,1,0.0
DUFORESTEL,1,1500.0
DUFOUR LEFORT,1,0.0
DUFOUR TONINI,1,0.0
DUHAMEL,1,0.0
DULON née RUIS,1,0.0
DULOT,1,0.0
DUMAINE,1,0.0
DUMONTET,1,0.0
DRONE,1,0.0
DUBLANCHE,1,110500.0
DUBOS,1,0.0
DUCHAMP,1,0.0
DUCLONA,1,0.0
DUCLOUX,1,0.0
DUFAY,1,0.0
DUFEIGNEUX,1,0.0
Ségneré,1,701942.0
Séguret,1,0.0
TABARY,1,0.0
TAGUET,1,0.0
TAHIRI,1,0.0
TAILLY,1,276815.0
TALARMIN,1,361368.0
TANDONNET,1,0.0
Staron,1,3000.0
Steenwinkel,1,0.0
Stoebner,1,19600.0
Sueur,1,0.0
Sulli,1,0.0
Sztrakoniczky,1,0.0
Sztulma,1,0.0
Sébille,1,0.0
DEUILHÉ,1,0.0
DEVAUX,1,0.0
DEVESA,1,0.0
DEXPERT,1,0.0
DEZIER,1,0.0
DIA,1,0.0
DIETRICH,1,0.0
DIJOUX,1,0.0
TEINTENIER,1,302174.0
TEISSIER,1,0.0
TELLIER,1,0.0
TERMON,1,30000.0
TEROU,1,0.0
TERRAZA,1,0.0
DESTAILLEUR,1,264900.0
DETANG,1,0.0
DORÉ,1,0.0
DOUCERAIN,1,0.0
DRAPEAU,1,0.0
TARBES,1,0.0
TARDIEU,1,0.0
TARDY,1,0.0
TATU,1,0.0
TEBIBEL,1,0.0
DIOP,1,0.0
DIOUF,1,0.0
DIVE,1,250.0
DJIDEL,1,0.0
DOLLINGER,1,0.0
DONATINI,1,0.0
DORANGE,1,0.0
DORDAIN,1,0.0
DEROUBAIX,1,0.0
DESAPHY,1,0.0
DESCHIENS,1,54704.0
DESCHIZEAUX,1,0.0
DESCROUET,1,223875.0
DESFOSSES,1,0.0
DESFOUX,1,13008.0
DESOUCHES,1,1700.0
TIONOHOUE,1,0.0
TIRANT,1,0.0
DENIEAULT,1,0.0
DENIELE-VAMPOUILLE,1,0.0
DENIZON-ZAWIEJA,1,45.0
DEPAGNE,1,0.0
DEPONDT,1,0.0
DERMIT,1,0.0
THIEBAUT,1,0.0
THIL,1,0.0
THIRIET,1,1950026.0
THIÉBAUT,1,0.0
THODIARD,1,0.0
TIDJINE-HMAE,1,0.0
TIEOUE,1,838.0
TILLY,1,0.0
DILLINGER,1,0.0
THALAMY,1,0.0
THALY BARDOL,1,0.0
THEBAULT,1,0.0
THELLIER,1,0.0
THERESE,1,0.0
THERINCOURT,1,0.0
THERY,1,0.0
DEMERSSEMAN,1,0.0
DENAJA,1,0.0
DENAX,1,0.0
DEBES,1,0.0
DEBONS,1,5400.0
DEBREUX,1,0.0
DECARD,1,0.0
DEFAUX,1,0.0
DELEPAUL,1,0.0
DELETRE,1,0.0
DELLA FRANCA,1,0.0
DELMAS,1,0.0
DELMER,1,319644.0
DELMOND,1,0.0
DELPORTE,1,0.0
DELSAUX,1,0.0
TRAPON,1,0.0
TRICHET,1,0.0
TRIFAUT,1,0.0
DELBREIL,1,0.0
DELBREL,1,0.0
DELECROIX,1,0.0
DELELIS,1,0.0
DELEPAU,1,0.0
DESSEAUX,1,120000.0
DESSEIN,1,2.0
TOLASSY,1,6000.0
TORRENS,1,0.0
TOUCHARD,1,0.0
TOULZA,1,0.0
TOURELLE,1,0.0
TOUZELLIER,1,0.0
DARRASSE,1,1790120.0
DARRIEUSSECQ,1,19837.0
DARRIEUTORT,1,0.0
DAUBRESSE,1,104725.0
DAUGERON,1,64390.0
DAUVILLIERS,1,0.0
DAVET,1,100.0
DAYRE,1,0.0
TUFUOR,1,0.0
TURCHETTO,1,1000.0
TUROT,1,0.0
TURPIN,1,0.0
Tani,1,0.0
Taubrégeas,1,3418.0
DARDOULLIER,1,0.0
DARQUES,1,0.0
TROCHU,1,0.0
TROGRLIC,1,2972.0
TROMBINI,1,0.0
TRONCY,1,0.0
TROUNDAY IDIART,1,0.0
TROUSSEL,1,16.0
TRYSTRAM,1,400.0
TUFELE,1,0.0
DEFEVERE,1,0.0
DEFOSSEZ,1,0.0
DEHAY,1,0.0
DEHMECHE,1,0.0
DEICHTMANN,1,0.0
DEKKERS,1,0.0
DEL POSO,1,0.0
TRIOULIER,1,0.0
Colson,1,70.0
Confesson,1,0.0
Constant,1,0.0
Coppolani,1,0.0
Coradetti,1,-91362.0
Cornet,1,0.0
Cornet-Ricquebourg,1,32250.0
Coste,1,161100.0
Thebault,1,0.0
Thouvenot,1,0.0
Théret,1,0.0
Tiberino,1,0.0
Tikouk,1,180.0
Tivoli,1,0.0
Colin,1,0.0
Collineau,1,0.0
D'ESTIENNE D'ORVES,1,0.0
DA SILVA,1,600000.0
DAGBERT,1,0.0
DALLARA,1,0.0
DARBON,1,0.0
Taïeb,1,0.0
Tetart,1,0.0
Teyssier,1,0.0
DE AZEVEDO,1,0.0
DE CARRION,1,0.0
DE LAPARRE DE SAINT-SERNIN,1,0.0
DE SAINT NICOLAS,1,0.0
Cousin,1,0.0
Cuénot,1,38297.0
Cypriani,1,0.0
Czerwinski,1,0.0
Claveau,1,0.0
Clerc,1,0.0
Clément,1,235576.0
Coiffard,1,0.0
Coint,1,0.0
VALOIS,1,752236.0
VALTON,1,20000.0
VALY,1,20720.0
VALLA,1,43505.0
VALLEE,1,0.0
VALLIERE,1,0.0
Chihi,1,6000.0
Chivilo,1,0.0
Chochois,1,0.0
Cinieri,1,480045.0
Claessens,1,0.0
Toro,1,1900.0
Torreilles,1,4467.0
Trickovski,1,0.0
Tron,1,0.0
VALADE,1,0.0
VALERIE,1,0.0
VALIER,1,0.0
VALIORGUE,1,0.0
Cote,1,0.0
Cotta,1,0.0
Cottenceau,1,0.0
Cottret,1,0.0
Couppey,1,0.0
Courtigné,1,0.0
Courtin,1,0.0
Toranian,1,157000.0
Chekouat,1,0.0
Chenut,1,0.0
Cassar,1,0.0
Cassier,1,0.0
Castillo,1,33053.0
Catelinois,1,0.0
Cathala,1,0.0
Caulet,1,0.0
Charpentier,1,755.0
Charriaud,1,0.0
Chastre,1,0.0
Chatelain,1,0.0
Chati,1,0.0
Chauffier,1,0.0
Chaumette,1,0.0
Chaumont-Puillet,1,0.0
VERNET,1,0.0
VERNEY,1,0.0
Chalumeaux,1,136150.0
Chambe,1,0.0
Chancerelle,1,0.0
Chappé,1,0.0
Charles,1,0.0
Charnoz,1,0.0
VAN CAUWENBERGE,1,0.0
VAN VOOREN,1,0.0
VANDEVILLE,1,0.0
VASSEUR,1,0.0
VASSY,1,0.0
VEDRENNE,1,0.0
VENTRON,1,632465.0
VERGEZ,1,0.0
Carriere,1,0.0
Carré,1,0.0
Caseris,1,0.0
Casildas,1,0.0
COUSIN,1,0.0
COUTIERE,1,68947932.0
COZIEN,1,0.0
CRAND,1,0.0
Cabaye,1,0.0
Cabello,1,0.0
Caillou-Robert,1,0.0
Caleiro,1,0.0
Camara,1,0.0
Campodarve-Puente,1,0.0
Caraco,1,4000.0
Caron,1,0.0
VIALLE,1,0.0
VIAULT,1,0.0
VIGNES,1,0.0
VIGOUROUX,1,0.0
VILLEMIN,1,0.0
VINCENTI,1,0.0
CURUTCHARRY,1,180.0
CYRIAQUE,1,0.0
Cavagnac,1,0.0
Cavaille,1,0.0
Cesari,1,0.0
Chabira,1,0.0
Chain-Larché,1,108248.0
VETRO,1,0.0
VEYRET,1,0.0
VIALET,1,0.0
Valois,1,0.0
CORNAIRE,1,0.0
CORNU,1,0.0
COROUGE,1,0.0
CORRIERAS,1,0.0
CORROLLER,1,54572.0
CORZANI,1,0.0
COSCARELLA,1,0.0
Valentin,1,250.0
Valentin-Leméni,1,0.0
Valet,1,0.0
Vallade,1,0.0
Valletoux,1,0.0
Vallienne,1,0.0
Vallies,1,0.0
Vallée,1,0.0
VIRAMA-COUTAYE,1,0.0
VITTON,1,0.0
VIVOT,1,0.0
VOITELLIER,1,0.0
VOURIOT,1,0.0
VUILLEMIN,1,1006200.0
Vadillo,1,0.0
Valadier,1,0.0
CRANOLY,1,0.0
CREPIN,1,0.0
CRESSENS,1,0.0
CRETIN-MAITENAZ,1,0.0
CRIAUD,1,22400.0
CROSNIER,1,0.0
CUCHEROUSSET,1,0.0
CUISSET,1,180000.0
COIANIZ,1,110.0
COINTRE,1,0.0
COLIGNON,1,0.0
COLL,1,0.0
COLLIAT-DANGUS,1,5808.0
COLOMBERO,1,0.0
COLONNA,1,0.0
COMBETTES,1,0.0
Verzelen,1,106.0
Viard,1,0.0
Viart,1,0.0
Vilaplana,1,0.0
Vincini,1,0.0
Vinet,1,0.0
COEVOET,1,0.0
COGNET,1,0.0
COURT,1,0.0
Van Ghelder,1,0.0
Vanhille,1,0.0
Vannier,1,0.0
Vastel,1,0.0
Vayaboury,1,0.0
Ventalon,1,0.0
Verfaillie,1,0.0
COSSET,1,0.0
COT,1,0.0
COTTEREAU,1,2172.0
COUCHAUD,1,0.0
COUCHOT,1,0.0
COUDREUSE,1,0.0
COUNIL,1,0.0
COUREAU,1,14955.0
WILLENS,1,0.0
CHOPART,1,0.0
CHOSEROT,1,0.0
CHOUIN,1,0.0
CHRISTIANE,1,0.0
CIPIERRE,1,0.0
CITEAU,1,0.0
CIVEL,1,0.0
WASZAK,1,0.0
WATELAIN,1,749000.0
WATEOU,1,0.0
WEISS,1,0.0
WEITEN,1,0.0
WEÏSS,1,5000.0
WIEL,1,0.0
WILLAUMEZ-GUILLEMETEAU,1,0.0
Voynet,1,0.0
Vély,1,0.0
WACKENTHALER épouse FAIVRE,1,0.0
WAHETRA,1,0.0
WAKA,1,0.0
WALKER,1,0.0
WANLIN,1,0.0
WANNEROY,1,0.0
COMBY,1,0.0
COMIER,1,0.0
COMPPER,1,0.0
CONSTANT,1,0.0
Virapoullé,1,750548.0
Vogt,1,12052.0
Voillot,1,0.0
Vos,1,80020.0
CHENUET,1,0.0
CHERUBINI,1,310000.0
CHERVIN,1,0.0
CHESNAIS-GIRARD,1,0.0
CHESTIER,1,0.0
CHEVALLIER,1,80639.0
CHEVREL,1,0.0
CHIAPPA - KIGER,1,1000.0
YTIER,1,0.0
Yavuz,1,505000.0
Yildirim,1,0.0
Yilmaz,1,0.0
CHENE,1,0.0
CHENEAU,1,120000.0
CHENECHAUD,1,0.0
CHENOT,1,0.0
Waroczyk,1,0.0
Wattelle,1,0.0
Wattier,1,0.0
Werbrouck,1,97885.0
Wilmotte,1,0.0
Wyszkowski,1,0.0
YON-BERTHELOT,1,0.0
YOU,1,0.0
CLAIN,1,0.0
CLAPPAZ,1,0.0
CLECH,1,0.0
CLINQUART,1,0.0
CLOUAIRE,1,1000.0
CLÉMOT,1,0.0
CODRON,1,0.0
WINOCOUR LEFEVRE,1,275830.0
CHARMOT,1,0.0
CHAROLAIS,1,0.0
CHARPENEL,1,0.0
CHASSAGNE,1,0.0
CHASSAIN,1,0.0
CHASSARY,1,0.0
CHATAGNON,1,0.0
CHATEAU,1,0.0
algay,1,0.0
allaire,1,10000.0
CHANE-KAYE-BONE TAVEL,1,0.0
CHANUT,1,0.0
CHAPLET,1,0.0
CHAPOTON,1,43500.0
CHARASSIER,1,0.0
CHARGUEROS,1,85091.0
ZIAT,1,0.0
ZORN,1,0.0
ZOUGGAGH,1,0.0
Zdorovtzoff,1,0.0
Zeghouf,1,0.0
Ziane,1,0.0
Zoutu,1,0.0
alem,1,0.0
CHLOUP,1,0.0
Yvroud,1,0.0
ZAGHET,1,0.0
ZAMORD,1,0.0
ZAZOUN,1,199021.0
ZEHAF,1,0.0
ZELLER,1,0.0
ZIADY,1,0.0
CARLIER,1,0.0
CARNEIRO,1,0.0
CARPE,1,0.0
CARRIERE,1,0.0
CASALE,1,0.0
CATHUS,1,0.0
CAUCHIE,1,0.0
CALIX,1,0.0
asseline,1,0.0
aurias,1,0.0
ayral,1,66000.0
bailet,1,0.0
ballard,1,0.0
barre,1,0.0
baurens,1,0.0
CARFANTAN,1,0.0
CHAMMOUGOM ANNO,1,0.0
CHAMPAGNE,1,0.0
CHANE-HONG,1,0.0
amiel,1,0.0
ammoura,1,0.0
amrani,1,0.0
arhant,1,0.0
arribage,1,0.0
CAZAUX,1,0.0
CECCALDI RAYNAUD,1,0.0
CESARO,1,0.0
CESBRON,1,0.0
CHABERT,1,15580.0
CHABREYROU,1,0.0
CHAILLOUX,1,0.0
CHALLANT,1,0.0
Bulou,1,0.0
Burrus,1,0.0
Bustos,1,0.0
Béraud,1,0.0
Béregovoy,1,0.0
Bérenger,1,0.0
CADART,1,1000.0
CAHENZLI,1,0.0
bertile,1,0.0
besserve,1,16845.0
bethoul,1,17195.0
bezirard,1,52000.0
bissiere,1,0.0
boire,1,0.0
bonthoux,1,0.0
Buissette,1,0.0
CAP,1,0.0
CAPELLE,1,0.0
CAPITAIN,1,0.0
CARBONNEL,1,0.0
CAREME,1,0.0
belloc,1,0.0
benoist,1,0.0
bergerol,1,213315.0
CALVO,1,5563.0
CAMBRAYE,1,0.0
CAMINADE,1,0.0
CANAGUY,1,0.0
CANEVET,1,2607.0
CANNET,1,77000.0
CANOVAS,1,0.0
CANTIN,1,22000.0
Brero,1,0.0
Brethes,1,0.0
Breuille,1,0.0
Briat,1,3766.0
Briero,1,0.0
Brignon,1,0.0
Bringer,1,2230251.0
Bruel,1,0.0
bustin,1,0.0
cabecas,1,0.0
Branz,1,0.0
Brasier-Clain,1,0.0
Brassac,1,0.0
Brau,1,0.0
Bravo,1,0.0
Brenier,1,0.0
boudjellaba,1,0.0
boutin,1,0.0
bouzaida,1,0.0
boyer,1,0.0
bramoullé,1,500.0
brial,1,150000.0
broquet,1,0.0
buron,1,0.0
CAILLEAU,1,0.0
CAKIN,1,6250.0
CALACIURA,1,0.0
CALBERG-ELLEN,1,0.0
CALDERONI,1,0.0
CALINON,1,0.0
boucher,1,0.0
boudinelle,1,0.0
Bourdelain,1,0.0
Bourdin,1,0.0
Bourgeais,1,0.0
Bouriat,1,0.0
Bourret,1,0.0
Bousquet-Pitt,1,0.0
Boutleux,1,0.0
Bouyssonnie,1,850.0
ceaglio,1,0.0
cernon,1,0.0
chailan,1,0.0
chailloux,1,0.0
Bouisson,1,0.0
Boukhenoufa,1,0.0
Boulard,1,0.0
Boulet,1,0.0
canayer,1,0.0
carvalho,1,0.0
cassez,1,0.0
castellani,1,0.0
catelinois,1,0.0
cayet,1,0.0
caymaris,1,0.0
cazaux,1,0.0
Brulebois,1,0.0
Brun-Mandon,1,0.0
Brunel,1,0.0
Bréant,1,0.0
Bréjeon,1,0.0
calmette,1,0.0
cambraye,1,0.0
camilla,1,19721.0
Bony,1,0.0
Borcard,1,0.0
Borgerhoff,1,0.0
Bossart,1,0.0
Bosselut,1,0.0
Boubée,1,2380.0
Bouchard,1,0.0
Bouchy,1,0.0
cohard,1,0.0
coquard,1,0.0
coquelet,1,0.0
Bompar,1,0.0
Bonamy,1,0.0
Bonmay,1,0.0
Bonneau,1,0.0
Bonnefoy,1,0.0
chekouat,1,0.0
cheron,1,0.0
chevalier,1,0.0
chilini,1,0.0
chiodi,1,0.0
choain,1,0.0
clemente,1,0.0
clio,1,0.0
Bovet,1,0.0
chambe,1,0.0
chapellon,1,0.0
charlier de vrainville,1,0.0
charpentier,1,0.0
charrette,1,0.0
chasseing,1,385000.0
chassot,1,60.0
Benharous,1,0.0
Benimeddourene,1,0.0
Benmarnia,1,0.0
Bentz,1,0.0
Bergeret,1,0.0
Bernardie,1,0.0
Bertholom,1,0.0
Besancenot,1,0.0
damiati,1,0.0
daniel,1,0.0
dario,1,5301000.0
darthou,1,0.0
dazas,1,0.0
de Choulot,1,211630.0
Benarroche,1,0.0
Benassayag,1,46000.0
Boiron,1,0.0
Boisseaux,1,0.0
courtois,1,0.0
coutant,1,0.0
coutel,1,0.0
crampe,1,50000.0
cros,1,0.0
damergy,1,800000.0
Beyrie,1,0.0
Bierry,1,0.0
Blandiot-Faride,1,0.0
Blanluet,1,0.0
Blassel,1,0.0
Blet,1,200.0
Blond,1,0.0
Bodin,1,0.0
Balon,1,6754.0
Barbe,1,0.0
Bardella,1,0.0
Bardot,1,500.0
Barthe,1,0.0
Barthe Cheneau,1,0.0
Batiot,1,0.0
Batoux,1,0.0
de balorre,1,0.0
de beauval,1,0.0
de la Gontrie,1,0.0
de la provôté,1,0.0
de lombard de montchalin,1,0.0
de valroger,1,0.0
debeunne,1,0.0
Ballet épouse Bony,1,0.0
de Contenson,1,0.0
de François,1,0.0
de Joussineau,1,0.0
de LA FAIRE,1,0.0
de LEGGE,1,957250.0
de Laurens,1,0.0
de Meyrignac,1,0.0
de Montesquiou,1,7470.0
Bever,1,50000.0
Beaumont,1,0.0
Belda,1,0.0
Bellanger,1,0.0
Bellurot,1,0.0
Belrhiti,1,2048.0
Beltran,1,0.0
Benabdillah,1,373803.0
BREUGNOT,1,0.0
BRIENS,1,0.0
BRILLARD,1,1981.0
BRIN,1,0.0
BRINON,1,0.0
BROCHET,1,0.0
BROSSE,1,0.0
BRUGERE,1,393550.0
dirat,1,0.0
dorchies,1,0.0
doublet,1,0.0
duflot,1,0.0
dupic,1,0.0
dupont,1,0.0
durrieu,1,99920.0
BRETIN,1,0.0
Bacha,1,0.0
Backes,1,0.0
delabre,1,0.0
delpech,1,0.0
deprince,1,3187.0
deslattes,1,0.0
desmots,1,0.0
di GERONIMO,1,0.0
Bauchez,1,0.0
BRUZAC,1,0.0
BUHL,1,0.0
BURGAT,1,0.0
BURKHARDT,1,0.0
BURLE,1,0.0
BUSSIRON,1,0.0
Baas,1,0.0
BRAUCHLI,1,0.0
BREDENT,1,0.0
BREEMEERSCH,1,0.0
BREILLAT,1,7000.0
BREMAUD,1,0.0
BRES,1,58223.0
BRETEAU,1,0.0
BOUDOUBE,1,0.0
frontoni,1,0.0
gallier,1,0.0
BOUTELOUP,1,0.0
BOUTRUCHE,1,120000.0
BRAND,1,0.0
BRANDOLIN-ROBERT,1,20400.0
BRAS-DENIS,1,0.0
BRAU,1,15.0
fabron,1,0.0
faye,1,0.0
fort,1,0.0
fortias,1,0.0
fortinon,1,0.0
fouchier,1,0.0
fournier,1,3692.0
francois,1,0.0
BRUNMUROL,1,649229.0
dusart,1,0.0
duveaux,1,0.0
duwez,1,0.0
el khalfaoui,1,0.0
engel,1,0.0
espagnac,1,0.0
ettazaoui,1,0.0
gros,1,1000.0
BONTE,1,0.0
BOREGGIO,1,0.0
BORGHI,1,0.0
BORNET DUCHATEAU,1,0.0
BOTELLA,1,0.0
BOUCAUD,1,0.0
BLEUZET-CARLIER,1,0.0
gilles,1,0.0
gineste,1,0.0
godard,1,0.0
godefroy,1,0.0
golliot,1,0.0
gossa,1,0.0
gouffé,1,0.0
gras,1,0.0
BOURHIS,1,0.0
BOURNY,1,0.0
BOURRETERE,1,0.0
BOURSIER-MOUGENOT,1,0.0
BOUSQUET,1,0.0
galpier,1,30000.0
gherardi,1,0.0
ghigonetto,1,800000.0
BOUGAREL,1,0.0
BOUIT,1,0.0
BOULANGE,1,0.0
BOULAY,1,34452.0
BOULTAM,1,0.0
BOURBIGOT,1,1762.0
BOURDONCLE,1,0.0
BOURELLY,1,0.0
kieffer,1,0.0
BIBERON,1,388747.0
BICAIS,1,0.0
BIDAULT,1,0.0
BILA,1,1490.0
BILHAC,1,320.0
BILLY,1,0.0
BIRAS,1,58168.0
janvier,1,0.0
jean francois,1,0.0
jerome,1,0.0
jouin,1,0.0
kahlal,1,69000.0
kerbrat,1,0.0
khaldi-bououghroum,1,0.0
khoutoul,1,0.0
BONIN,1,188000.0
BONNEFOI,1,500.0
haas,1,0.0
haquin,1,354000.0
herry,1,39900.0
houguet,1,0.0
huchet,1,0.0
humbert,1,0.0
BLINT,1,398000.0
BLÉHER,1,0.0
BOBLIN,1,0.0
BOFFET,1,0.0
BOILEAU,1,0.0
BOISON,1,0.0
BOISSON,1,0.0
BOISSOT,1,0.0
BESSIERE,1,50000.0
BESSON FAYOLLE,1,0.0
BEUZE,1,0.0
BIBAL DIOGO,1,0.0
BENAHMED,1,0.0
BENEZET,1,0.0
BENEZET usage ANDREOTTI,1,0.0
BENKACI,1,0.0
BERRIER,1,0.0
BERROU,1,12415.0
BERTHELOT,1,0.0
BERTHOLLE,1,0.0
BERTHOUX,1,0.0
BERTIER,1,0.0
BESANCENOT,1,0.0
BESNARD,1,0.0
laprébende,1,0.0
lascombes,1,0.0
le bougeant,1,0.0
le breton,1,183328.0
le gall,1,0.0
le jeune,1,0.0
lebrun,1,227334.0
BERQUET,1,0.0
BIRCK,1,0.0
BISAUTA,1,0.0
BITEAU,1,8000.0
BIZET,1,0.0
BLAISE,1,0.0
klein,1,0.0
labbé,1,0.0
laporte,1,0.0
BEGEL,1,92400.0
BEGOUT,1,0.0
BEHOTEGUY,1,131845.0
BELLEGARDE,1,0.0
BELLEVILLE,1,150000.0
BELLIOT-DELACOUR,1,0.0
BELLONI,1,0.0
malet,1,280000.0
liscia,1,11010.0
macario,1,0.0
magne,1,0.0
maillard,1,0.0
maistre,1,71700.0
BEAUTÉ,1,0.0
BECHU,1,230000.0
BEDAGUE,1,0.0
leclerc,1,0.0
leclercq,1,36500.0
lecourieux,1,0.0
ledoux,1,0.0
lemare,1,750.0
leroy,1,0.0
leveugle,1,0.0
lheureux,1,0.0
BERAIL,1,0.0
BERANGER,1,0.0
BERDOU,1,0.0
BERGE,1,0.0
BERGEAL,1,0.0
BERGERON,1,0.0
BERNIGAUD,1,17500.0
BERNOS,1,0.0
BEAUDEUX,1,0.0
BEAUJARD,1,0.0
BEAULNES-SERENI,1,66798.0
mignonet,1,650.0
moelo,1,0.0
mohamed ahamada,1,0.0
monchy,1,301000.0
morange,1,0.0
BAULIEU,1,25000.0
BAURUEL,1,0.0
BAVAY,1,10400.0
BAY,1,467304.0
BAZILE,1,0.0
BAZUS,1,13016.0
BEATRIX,1,0.0
BEAUCOUESTE,1,158475.0
mesnard,1,0.0
messager,1,0.0
meunier,1,260000.0
michalak,1,0.0
michaud,1,0.0
BASTID,1,0.0
BAUDOUIN,1,1000.0
BAUDU,1,38.0
malfar pauga,1,0.0
marais,1,0.0
martineau,1,0.0
masson,1,0.0
maurin,1,0.0
maury,1,0.0
meriaux,1,2144400.0
merle,1,15000.0
BARNAY,1,0.0
BARRAUD,1,0.0
BARRIERE,1,0.0
BARRIOL,1,30866.0
BARTOUT,1,0.0
BASQUIN,1,2500.0
Auriac,1,0.0
BA-TALL,1,0.0
BANGOU,1,0.0
BANNIER,1,0.0
BARAT,1,0.0
BARBARAS,1,0.0
BARBE,1,0.0
BARBUSSE,1,0.0
BARDAIL,1,0.0
BARDINOT,1,0.0
nieson,1,649.0
noris,1,0.0
nublat-faure,1,0.0
ollivier,1,0.0
onteniente,1,0.0
padilla ratelade,1,0.0
BALDES,1,0.0
BALLENGHIEN,1,12889.0
morez,1,0.0
morineaud,1,0.0
muller,1,0.0
musial,1,0.0
nanchi,1,2962.0
nantier,1,14526.0
navarret,1,0.0
nebout,1,200000.0
Arnaud,1,0.0
Aron,1,0.0
Arrouy,1,0.0
Artigalas,1,0.0
Aschieri,1,0.0
Assié,1,480.0
Athanaze,1,0.0
Audrin,1,120000.0
poulet,1,0.0
pouzergue,1,540100.0
Antier,1,0.0
Arcanger,1,0.0
Arciero,1,0.0
Arenou,1,0.0
Arias,1,0.0
Armand,1,0.0
papadato,1,0.0
pargade,1,0.0
pausé-Damour,1,0.0
perrot,1,0.0
peyre,1,0.0
piau,1,0.0
pimonow,1,0.0
piron,1,0.0
BACK,1,0.0
BAECHTEL,1,0.0
BAELDE,1,0.0
BAGADI,1,0.0
BAKIRI,1,0.0
BALARDY,1,4800.0
palazzetti,1,0.0
paoli-gagin,1,142536.0
AUDEBERT,1,396017.0
AUDEGOND,1,1010.0
AUDEGUIL,1,0.0
AUDET,1,0.0
AUDIBERT,1,6937.0
AUGUSTINE ETCHEVERRY,1,0.0
AUSINA,1,0.0
AVERLY,1,0.0
rapha,1,0.0
rethore,1,0.0
revel,1,0.0
riglet,1,0.0
riviere,1,0.0
rodier,1,0.0
roesch,1,0.0
rousselin,1,0.0
Andrieu,1,357800.0
Andrieux,1,0.0
Androuët,1,0.0
André,1,0.0
Anfray,1,0.0
prost,1,0.0
rabeteau,1,0.0
rampelberg,1,0.0
Alexis,1,0.0
Alléon,1,0.0
Alonso,1,0.0
Alpy,1,0.0
Altounian,1,0.0
Amah,1,0.0
Amico,1,0.0
Anderhueber,1,0.0
vacher,1,0.0
ACCARION,1,8250.0
ABRANOWITCH,1,11200.0
yvon,1,15405.0
ABRAHAM,1,0.0
zedet,1,0.0
ABELIN-DRAPRON,1,0.0
Mandon,1,0.0
tenoux,1,50000.0
testud robert,1,0.0
thizy,1,0.0
thomas,1,0.0
tillard,1,108625.0
touzard,1,0.0
touzet,1,0.0
vabre,1,0.0
ANDAMAYE,1,0.0
ANDREYS,1,200000.0
ANDRIEUX,1,0.0
ANGELINI,1,479523.0
ANNEREAU,1,0.0
solana,1,0.0
souilliart,1,0.0
stengel,1,0.0
ALLIES,1,0.0
ALOE,1,0.0
ALORY,1,0.0
ALPHA,1,0.0
ALSTERS,1,5000.0
ALZURI,1,0.0
AMMAR,1,0.0
AMOA,1,0.0
MUNCH,1,0.0
MURATET,1,0.0
Magne,1,0.0
Mahieux,1,0.0
MORBOIS,1,0.0
MORELL SAMPOL,1,691.0
MORERE,1,0.0
MORICONI,1,0.0
Maury,1,300.0
May,1,0.0
MOUREN,1,0.0
MOURET,1,0.0
MOUSSET,1,510000.0
MOUSSOUNI née CARIOU,1,0.0
MOUTAMA CHEDIAPIN,1,8000.0
MULOT,1,0.0
Martinie,1,2225.0
Maréchal,1,0.0
Mathieu,1,0.0
Maubé,1,0.0
Maudet,1,0.0
Mauffrey,1,0.0
Maunier,1,0.0
Maupertuis,1,7.0
Marias,1,3110.0
Marimoutou-Tacoun,1,902980.0
Marin-Khoury,1,0.0
Marion,1,91250.0
Marne,1,0.0
Marsac,1,0.0
Marsigny,1,500439.0
Martinage,1,0.0
